Order ID,Order Date,Customer,Region,Customer Segment,Category,Product,Quantity,Discount,Sales,Profit,Order Month,Order Year,Profit Margin
ORD-0001,2024-02-27,Customer 058,North,Small Business,Office Supplies,Pen Set,5,0.02,86.53529839023109,44.99835516292017,Feb,2024,0.52
ORD-0002,2024-02-22,Customer 008,North,Small Business,Technology,Keyboard,7,0.0,437.6267521513107,140.04056068841942,Feb,2024,0.32
ORD-0003,2024-04-21,Customer 051,South,Small Business,Technology,Monitor,1,0.1,232.7698866864411,74.48636373966114,Apr,2024,0.31999999999999995
ORD-0004,2024-11-28,Customer 072,West,Consumer,Office Supplies,Paper,8,0.1,67.49812883951135,35.0990269965459,Nov,2024,0.52
ORD-0005,2024-01-04,Customer 072,South,Small Business,Office Supplies,Stapler,7,0.05,91.9819720337159,47.83062545753227,Jan,2024,0.52
ORD-0006,2024-04-20,Customer 025,East,Consumer,Technology,Keyboard,2,0.08,93.3183942736664,29.861886167573243,Apr,2024,0.31999999999999995
ORD-0007,2024-06-25,Customer 032,East,Consumer,Furniture,Office Chair,8,0.1,1354.2720538315457,514.6233804559873,Jun,2024,0.37999999999999995
ORD-0008,2024-02-10,Customer 050,East,Small Business,Furniture,Desk,6,0.1,1924.7631425727538,731.4099941776465,Feb,2024,0.38
ORD-0009,2024-02-05,Customer 021,North,Small Business,Office Supplies,Paper,4,0.05,35.646696018436785,18.53628192958713,Feb,2024,0.52
ORD-0010,2024-04-29,Customer 094,North,Corporate,Office Supplies,Desk Organizer,5,0.08,108.40337511569913,56.36975506016355,Apr,2024,0.52
ORD-0011,2024-07-08,Customer 019,East,Consumer,Technology,Keyboard,5,0.15,206.99913889624384,66.23972444679802,Jul,2024,0.31999999999999995
ORD-0012,2024-11-21,Customer 119,South,Small Business,Office Supplies,Notebook,4,0.02,53.713831050339046,27.931192146176304,Nov,2024,0.52
ORD-0013,2024-05-18,Customer 059,South,Small Business,Furniture,Desk,6,0.0,2121.1382649909383,806.0325406965566,May,2024,0.38
ORD-0014,2024-01-17,Customer 055,East,Corporate,Office Supplies,Desk Organizer,5,0.0,103.1064715871448,53.615365225315294,Jan,2024,0.52
ORD-0015,2024-06-10,Customer 118,South,Small Business,Office Supplies,Notebook,8,0.08,82.05747089800741,42.669884866963855,Jun,2024,0.52
ORD-0016,2024-05-15,Customer 150,South,Consumer,Technology,Keyboard,5,0.15,217.27511712812483,69.52803748099994,May,2024,0.31999999999999995
ORD-0017,2024-10-25,Customer 131,West,Corporate,Furniture,Desk,4,0.02,1206.9151967834798,458.6277747777223,Oct,2024,0.38
ORD-0018,2024-02-16,Customer 041,North,Consumer,Furniture,Bookshelf,3,0.15,390.7942204768193,148.50180378119134,Feb,2024,0.38
ORD-0019,2024-12-14,Customer 098,West,Small Business,Office Supplies,Stapler,2,0.08,27.506854278921047,14.303564225038945,Dec,2024,0.52
ORD-0020,2024-08-27,Customer 030,East,Small Business,Office Supplies,Notebook,1,0.15,9.778045052105407,5.084583427094811,Aug,2024,0.52
ORD-0021,2024-10-01,Customer 076,East,Small Business,Office Supplies,Pen Set,6,0.0,112.88163041010456,58.698447813254376,Oct,2024,0.52
ORD-0022,2024-03-21,Customer 046,West,Consumer,Furniture,Desk,5,0.1,1321.435213021514,502.14538094817533,Mar,2024,0.38
ORD-0023,2024-02-24,Customer 096,East,Small Business,Furniture,Filing Cabinet,4,0.02,714.1731202418382,271.38578569189855,Feb,2024,0.38000000000000006
ORD-0024,2024-03-23,Customer 005,North,Small Business,Office Supplies,Stapler,6,0.08,81.05438536867376,42.14828039171036,Mar,2024,0.52
ORD-0025,2024-07-04,Customer 146,East,Consumer,Technology,Monitor,1,0.02,235.93826827771863,75.50024584886995,Jul,2024,0.31999999999999995
ORD-0026,2024-02-13,Customer 122,West,Consumer,Technology,Monitor,3,0.02,770.5134427569058,246.56430168220982,Feb,2024,0.31999999999999995
ORD-0027,2024-03-25,Customer 139,East,Small Business,Furniture,Filing Cabinet,7,0.02,1217.2607980696055,462.5591032664501,Mar,2024,0.38
ORD-0028,2024-12-19,Customer 096,South,Small Business,Office Supplies,Stapler,5,0.08,70.30018758764558,36.5560975455757,Dec,2024,0.52
ORD-0029,2024-09-21,Customer 017,West,Consumer,Furniture,Bookshelf,4,0.02,611.4917369525378,232.36686004196437,Sep,2024,0.38
ORD-0030,2024-01-11,Customer 019,South,Small Business,Furniture,Office Chair,4,0.0,749.7349536048955,284.8992823698603,Jan,2024,0.38
ORD-0031,2024-11-19,Customer 085,North,Consumer,Office Supplies,Paper,2,0.0,18.79266798024099,9.772187349725314,Nov,2024,0.52
ORD-0032,2024-09-20,Customer 139,South,Corporate,Technology,Monitor,8,0.02,1742.439711605102,557.5807077136326,Sep,2024,0.31999999999999995
ORD-0033,2024-10-19,Customer 049,West,Consumer,Technology,Keyboard,8,0.08,363.3338789069191,116.2668412502141,Oct,2024,0.31999999999999995
ORD-0034,2024-02-19,Customer 120,West,Corporate,Technology,Monitor,7,0.08,1756.1093213222625,561.9549828231239,Feb,2024,0.31999999999999995
ORD-0035,2024-01-28,Customer 087,North,Consumer,Office Supplies,Desk Organizer,7,0.15,149.32033294495412,77.64657313137614,Jan,2024,0.52
ORD-0036,2024-02-25,Customer 115,South,Consumer,Office Supplies,Stapler,4,0.1,59.306433335538,30.839345334479763,Feb,2024,0.52
ORD-0037,2024-08-04,Customer 020,South,Corporate,Technology,Keyboard,8,0.02,414.9203534622405,132.77451310791693,Aug,2024,0.31999999999999995
ORD-0038,2024-10-08,Customer 061,North,Consumer,Furniture,Bookshelf,1,0.0,135.95572061725855,51.66317383455825,Oct,2024,0.38
ORD-0039,2024-07-27,Customer 016,West,Corporate,Technology,Keyboard,4,0.08,215.50396643283636,68.96126925850763,Jul,2024,0.31999999999999995
ORD-0040,2024-07-13,Customer 074,North,Corporate,Technology,Keyboard,5,0.08,252.70681684735217,80.86618139115268,Jul,2024,0.31999999999999995
ORD-0041,2024-12-22,Customer 056,West,Consumer,Furniture,Desk,4,0.05,1110.1475932642377,421.8560854404103,Dec,2024,0.38
ORD-0042,2024-10-23,Customer 013,North,Small Business,Technology,Laptop,6,0.0,5169.858605223219,1654.3547536714298,Oct,2024,0.31999999999999995
ORD-0043,2024-09-01,Customer 018,South,Consumer,Office Supplies,Notebook,2,0.02,20.91598086449008,10.876310049534842,Sep,2024,0.52
ORD-0044,2024-02-04,Customer 064,South,Corporate,Office Supplies,Notebook,2,0.1,24.311156584923456,12.641801424160198,Feb,2024,0.52
ORD-0045,2024-10-31,Customer 150,North,Small Business,Office Supplies,Notebook,2,0.08,20.97314273830666,10.906034223919463,Oct,2024,0.52
ORD-0046,2024-09-24,Customer 081,East,Corporate,Office Supplies,Notebook,4,0.15,43.20234548444346,22.4652196519106,Sep,2024,0.52
ORD-0047,2024-05-15,Customer 081,West,Consumer,Technology,Mouse,5,0.08,124.18406438208537,39.738900602267314,May,2024,0.31999999999999995
ORD-0048,2024-02-07,Customer 138,North,Corporate,Office Supplies,Stapler,2,0.0,30.612550971540266,15.918526505200939,Feb,2024,0.52
ORD-0049,2024-09-16,Customer 063,East,Consumer,Technology,Mouse,6,0.0,172.63877827101115,55.24440904672356,Sep,2024,0.31999999999999995
ORD-0050,2024-05-25,Customer 136,South,Corporate,Furniture,Office Chair,5,0.1,878.7656143273382,333.93093344438853,May,2024,0.38
ORD-0051,2024-12-07,Customer 068,East,Small Business,Technology,Laptop,2,0.02,1902.2185572610538,608.7099383235371,Dec,2024,0.31999999999999995
ORD-0052,2024-02-24,Customer 054,South,Corporate,Technology,Monitor,5,0.1,1176.4287312921008,376.4571940134722,Feb,2024,0.31999999999999995
ORD-0053,2024-06-24,Customer 126,South,Small Business,Office Supplies,Paper,5,0.1,45.913420926004406,23.874978881522292,Jun,2024,0.52
ORD-0054,2024-01-27,Customer 012,North,Small Business,Technology,Printer,7,0.05,1342.5592513847118,429.6189604431077,Jan,2024,0.31999999999999995
ORD-0055,2024-06-19,Customer 114,South,Small Business,Technology,Laptop,5,0.02,4337.568421172005,1388.0218947750416,Jun,2024,0.31999999999999995
ORD-0056,2024-12-27,Customer 020,West,Small Business,Furniture,Filing Cabinet,1,0.0,214.49214825668588,81.50701633754063,Dec,2024,0.38
ORD-0057,2024-03-17,Customer 033,North,Corporate,Office Supplies,Paper,3,0.08,22.452701512761813,11.675404786636143,Mar,2024,0.52
ORD-0058,2024-06-06,Customer 064,East,Consumer,Technology,Laptop,6,0.02,4662.71103352014,1492.0675307264444,Jun,2024,0.31999999999999995
ORD-0059,2024-02-22,Customer 040,East,Small Business,Office Supplies,Pen Set,7,0.1,101.17676913186286,52.61191994856868,Feb,2024,0.52
ORD-0060,2024-03-24,Customer 086,South,Corporate,Technology,Mouse,1,0.02,26.557507354558872,8.498402353458838,Mar,2024,0.31999999999999995
ORD-0061,2024-07-29,Customer 028,South,Corporate,Office Supplies,Stapler,3,0.15,37.674064709268116,19.59051364881942,Jul,2024,0.52
ORD-0062,2024-01-20,Customer 090,West,Consumer,Furniture,Desk,4,0.08,1122.5639673505736,426.574307593218,Jan,2024,0.38
ORD-0063,2024-04-26,Customer 085,South,Consumer,Technology,Printer,4,0.08,731.1300460368042,233.9616147317773,Apr,2024,0.31999999999999995
ORD-0064,2024-02-05,Customer 138,East,Corporate,Technology,Printer,7,0.15,1045.642359479985,334.6055550335952,Feb,2024,0.31999999999999995
ORD-0065,2024-01-15,Customer 068,North,Corporate,Furniture,Office Chair,3,0.1,541.9682640880411,205.94794035345564,Jan,2024,0.38
ORD-0066,2024-02-25,Customer 156,West,Corporate,Technology,Laptop,6,0.08,4816.469105988196,1541.2701139162225,Feb,2024,0.31999999999999995
ORD-0067,2024-02-29,Customer 012,West,Small Business,Furniture,Filing Cabinet,4,0.05,662.8317684165802,251.8760719983005,Feb,2024,0.38
ORD-0068,2024-08-11,Customer 111,North,Small Business,Office Supplies,Paper,4,0.05,37.503486920282796,19.501813198547055,Aug,2024,0.52
ORD-0069,2024-12-06,Customer 032,East,Small Business,Technology,Monitor,6,0.15,1101.7574967232904,352.56239895145285,Dec,2024,0.31999999999999995
ORD-0070,2024-06-02,Customer 104,East,Small Business,Office Supplies,Paper,7,0.05,68.61559945199605,35.680111715037945,Jun,2024,0.52
ORD-0071,2024-05-31,Customer 098,South,Consumer,Office Supplies,Paper,7,0.15,58.28950099687571,30.31054051837537,May,2024,0.52
ORD-0072,2024-03-30,Customer 074,East,Corporate,Office Supplies,Pen Set,1,0.05,15.965470301643272,8.302044556854502,Mar,2024,0.52
ORD-0073,2024-08-08,Customer 055,East,Corporate,Technology,Mouse,8,0.08,181.65765943214464,58.13045101828627,Aug,2024,0.31999999999999995
ORD-0074,2024-08-30,Customer 132,South,Small Business,Furniture,Filing Cabinet,2,0.05,397.16302543149266,150.9219496639672,Aug,2024,0.38
ORD-0075,2024-11-20,Customer 080,East,Consumer,Office Supplies,Pen Set,4,0.15,65.53611074973803,34.078777589863776,Nov,2024,0.52
ORD-0076,2024-04-11,Customer 122,South,Consumer,Technology,Mouse,1,0.02,29.548268306582063,9.455445858106259,Apr,2024,0.31999999999999995
ORD-0077,2024-02-07,Customer 099,West,Corporate,Office Supplies,Notebook,4,0.15,44.40031413909238,23.08816335232804,Feb,2024,0.52
ORD-0078,2024-07-23,Customer 109,South,Consumer,Furniture,Bookshelf,1,0.0,134.99880839523067,51.29954719018765,Jul,2024,0.38
ORD-0079,2024-03-31,Customer 117,West,Consumer,Technology,Mouse,4,0.0,109.4000036311788,35.00800116197721,Mar,2024,0.31999999999999995
ORD-0080,2024-08-25,Customer 115,East,Corporate,Technology,Keyboard,7,0.1,315.76012986387354,101.04324155643953,Aug,2024,0.31999999999999995
ORD-0081,2024-08-31,Customer 071,West,Corporate,Technology,Keyboard,4,0.15,208.1380919724587,66.60418943118678,Aug,2024,0.31999999999999995
ORD-0082,2024-09-23,Customer 113,West,Small Business,Office Supplies,Stapler,4,0.05,59.75255817187611,31.071330249375578,Sep,2024,0.52
ORD-0083,2024-12-31,Customer 082,East,Consumer,Technology,Monitor,5,0.05,1105.0504120496453,353.6161318558864,Dec,2024,0.31999999999999995
ORD-0084,2024-02-11,Customer 040,South,Consumer,Furniture,Filing Cabinet,4,0.08,627.2947996003967,238.37202384815075,Feb,2024,0.38
ORD-0085,2024-04-19,Customer 139,North,Corporate,Office Supplies,Paper,7,0.05,57.693318827764244,30.000525790437408,Apr,2024,0.52
ORD-0086,2024-07-31,Customer 150,North,Consumer,Furniture,Bookshelf,7,0.08,934.8943140510161,355.25983933938613,Jul,2024,0.38
ORD-0087,2024-01-11,Customer 077,West,Corporate,Office Supplies,Paper,1,0.05,9.20829586269342,4.788313848600579,Jan,2024,0.52
ORD-0088,2024-07-18,Customer 057,West,Small Business,Office Supplies,Stapler,4,0.08,58.078156553078095,30.20064140760061,Jul,2024,0.52
ORD-0089,2024-08-11,Customer 104,West,Consumer,Technology,Printer,7,0.05,1340.0982862732428,428.83145160743766,Aug,2024,0.31999999999999995
ORD-0090,2024-03-25,Customer 152,West,Consumer,Office Supplies,Paper,1,0.08,8.342083686692053,4.3378835170798675,Mar,2024,0.52
ORD-0091,2024-12-05,Customer 119,North,Consumer,Office Supplies,Notebook,7,0.02,75.09974954792305,39.05186976491999,Dec,2024,0.52
ORD-0092,2024-01-26,Customer 117,East,Corporate,Technology,Keyboard,6,0.02,346.87110833073746,110.99875466583597,Jan,2024,0.31999999999999995
ORD-0093,2024-06-21,Customer 021,West,Corporate,Furniture,Office Chair,7,0.05,1515.7778065062441,575.9955664723727,Jun,2024,0.37999999999999995
ORD-0094,2024-01-10,Customer 018,North,Corporate,Furniture,Bookshelf,4,0.15,526.0878701053196,199.91339064002142,Jan,2024,0.38
ORD-0095,2024-11-29,Customer 006,North,Consumer,Office Supplies,Stapler,4,0.02,63.9838749489586,33.271614973458476,Nov,2024,0.52
ORD-0096,2024-03-19,Customer 030,South,Consumer,Office Supplies,Notebook,8,0.15,82.68730457910024,42.99739838113213,Mar,2024,0.52
ORD-0097,2024-04-21,Customer 043,West,Small Business,Office Supplies,Notebook,5,0.05,58.204858244188884,30.26652628697822,Apr,2024,0.52
ORD-0098,2024-11-06,Customer 149,North,Consumer,Office Supplies,Notebook,5,0.0,59.72616449740849,31.057605538652417,Nov,2024,0.52
ORD-0099,2024-06-08,Customer 152,West,Corporate,Technology,Laptop,4,0.0,3015.3347583510795,964.9071226723453,Jun,2024,0.31999999999999995
ORD-0100,2024-11-17,Customer 154,South,Consumer,Office Supplies,Paper,5,0.15,34.77424871227335,18.08260933038214,Nov,2024,0.52
ORD-0101,2024-03-02,Customer 095,North,Corporate,Office Supplies,Stapler,7,0.15,79.2973648020861,41.23462969708477,Mar,2024,0.52
ORD-0102,2024-09-16,Customer 028,East,Consumer,Technology,Monitor,7,0.08,1625.7097015453107,520.2271044944994,Sep,2024,0.31999999999999995
ORD-0103,2024-07-04,Customer 046,West,Small Business,Furniture,Desk,3,0.08,852.1785846713852,323.82786217512637,Jul,2024,0.37999999999999995
ORD-0104,2024-09-24,Customer 112,East,Small Business,Office Supplies,Paper,8,0.08,67.38688509734247,35.04118025061808,Sep,2024,0.52
ORD-0105,2024-10-30,Customer 072,East,Corporate,Office Supplies,Desk Organizer,4,0.0,99.00377942048397,51.481965298651666,Oct,2024,0.52
ORD-0106,2024-05-04,Customer 008,West,Small Business,Furniture,Bookshelf,7,0.05,944.9406296155207,359.07743925389786,May,2024,0.38
ORD-0107,2024-06-15,Customer 067,South,Corporate,Furniture,Bookshelf,4,0.05,564.7579318551834,214.6080141049697,Jun,2024,0.38
ORD-0108,2024-05-23,Customer 049,East,Small Business,Furniture,Office Chair,1,0.1,204.87577459985178,77.85279434794367,May,2024,0.37999999999999995
ORD-0109,2024-05-03,Customer 122,West,Corporate,Technology,Monitor,4,0.15,768.4888118211143,245.91641978275652,May,2024,0.31999999999999995
ORD-0110,2024-12-30,Customer 076,West,Corporate,Office Supplies,Pen Set,1,0.0,16.214122361767934,8.431343628119325,Dec,2024,0.52
ORD-0111,2024-07-26,Customer 142,South,Corporate,Technology,Mouse,6,0.08,148.10447583183506,47.39343226618721,Jul,2024,0.31999999999999995
ORD-0112,2024-06-25,Customer 117,West,Small Business,Furniture,Filing Cabinet,6,0.05,1000.1827166059433,380.06943231025843,Jun,2024,0.38
ORD-0113,2024-06-05,Customer 050,East,Consumer,Technology,Printer,2,0.15,346.09162003654336,110.74931841169386,Jun,2024,0.31999999999999995
ORD-0114,2024-03-02,Customer 124,South,Consumer,Furniture,Office Chair,4,0.15,784.1094467724281,297.9615897735227,Mar,2024,0.38
ORD-0115,2024-10-28,Customer 059,East,Consumer,Technology,Printer,4,0.05,718.8970057523449,230.04704184075032,Oct,2024,0.31999999999999995
ORD-0116,2024-04-01,Customer 012,East,Consumer,Furniture,Office Chair,3,0.05,667.5036740713841,253.65139614712598,Apr,2024,0.38
ORD-0117,2024-10-10,Customer 126,East,Small Business,Technology,Laptop,3,0.15,2377.7289912032843,760.8732771850508,Oct,2024,0.31999999999999995
ORD-0118,2024-01-07,Customer 088,East,Corporate,Technology,Monitor,8,0.08,1643.4124850443993,525.8919952142077,Jan,2024,0.31999999999999995
ORD-0119,2024-01-27,Customer 103,East,Corporate,Technology,Keyboard,2,0.0,123.30900225515234,39.45888072164874,Jan,2024,0.31999999999999995
ORD-0120,2024-02-07,Customer 078,North,Consumer,Furniture,Bookshelf,3,0.1,415.37707415347637,157.84328817832102,Feb,2024,0.38
ORD-0121,2024-05-07,Customer 153,North,Small Business,Technology,Monitor,7,0.1,1660.1893689441767,531.2605980621365,May,2024,0.31999999999999995
ORD-0122,2024-11-12,Customer 114,South,Small Business,Office Supplies,Stapler,7,0.08,108.37985328460454,56.35752370799436,Nov,2024,0.52
ORD-0123,2024-10-28,Customer 026,West,Corporate,Technology,Printer,1,0.1,156.46947199526932,50.07023103848617,Oct,2024,0.31999999999999995
ORD-0124,2024-04-16,Customer 062,South,Corporate,Office Supplies,Stapler,2,0.02,26.745592176900693,13.90770793198836,Apr,2024,0.52
ORD-0125,2024-10-09,Customer 116,North,Consumer,Technology,Keyboard,1,0.08,47.642050190648014,15.245456061007362,Oct,2024,0.31999999999999995
ORD-0126,2024-10-31,Customer 074,West,Corporate,Office Supplies,Paper,1,0.02,8.778714487834566,4.564931533673975,Oct,2024,0.52
ORD-0127,2024-05-24,Customer 151,West,Consumer,Office Supplies,Paper,4,0.05,37.6495483485283,19.577765141234718,May,2024,0.52
ORD-0128,2024-04-11,Customer 039,West,Consumer,Office Supplies,Pen Set,4,0.15,68.07871215772782,35.40093032201847,Apr,2024,0.52
ORD-0129,2024-03-13,Customer 153,North,Consumer,Technology,Printer,3,0.05,452.4029395998752,144.76894067196005,Mar,2024,0.31999999999999995
ORD-0130,2024-10-18,Customer 078,East,Corporate,Office Supplies,Paper,2,0.08,16.856453339284812,8.765355736428102,Oct,2024,0.52
ORD-0131,2024-07-25,Customer 021,East,Small Business,Office Supplies,Paper,8,0.08,65.75651230911528,34.193386400739946,Jul,2024,0.52
ORD-0132,2024-01-21,Customer 065,West,Small Business,Office Supplies,Notebook,6,0.1,60.909998251995894,31.673199091037866,Jan,2024,0.52
ORD-0133,2024-02-16,Customer 069,South,Small Business,Technology,Laptop,1,0.15,659.1827365326182,210.93847569043777,Feb,2024,0.31999999999999995
ORD-0134,2024-01-21,Customer 047,South,Corporate,Office Supplies,Notebook,8,0.05,88.56943598064292,46.05610670993432,Jan,2024,0.52
ORD-0135,2024-08-11,Customer 105,West,Consumer,Office Supplies,Notebook,8,0.05,103.47420854914185,53.806588445553764,Aug,2024,0.52
ORD-0136,2024-06-13,Customer 127,North,Consumer,Furniture,Office Chair,6,0.08,1121.253346475584,426.07627166072194,Jun,2024,0.38
ORD-0137,2024-12-05,Customer 023,West,Small Business,Technology,Printer,1,0.08,168.9241662793894,54.0557332094046,Dec,2024,0.31999999999999995
ORD-0138,2024-05-09,Customer 001,East,Consumer,Furniture,Office Chair,7,0.1,1415.3654023069464,537.8388528766396,May,2024,0.38
ORD-0139,2024-10-04,Customer 133,West,Corporate,Office Supplies,Pen Set,1,0.02,17.2550950702121,8.972649436510292,Oct,2024,0.52
ORD-0140,2024-11-14,Customer 053,West,Small Business,Furniture,Office Chair,8,0.0,1919.2003527222278,729.2961340344466,Nov,2024,0.38
ORD-0141,2024-10-08,Customer 125,South,Corporate,Technology,Printer,8,0.15,1395.1895820324687,446.4606662503899,Oct,2024,0.31999999999999995
ORD-0142,2024-01-15,Customer 142,South,Small Business,Technology,Monitor,3,0.05,648.4191543930282,207.49412940576897,Jan,2024,0.31999999999999995
ORD-0143,2024-10-09,Customer 119,West,Consumer,Technology,Laptop,4,0.0,3448.47412840921,1103.511721090947,Oct,2024,0.31999999999999995
ORD-0144,2024-11-27,Customer 070,South,Corporate,Technology,Monitor,5,0.1,1038.1361151425701,332.2035568456224,Nov,2024,0.31999999999999995
ORD-0145,2024-09-04,Customer 038,West,Consumer,Furniture,Desk,8,0.1,2204.713574742335,837.7911584020873,Sep,2024,0.38
ORD-0146,2024-04-07,Customer 088,South,Consumer,Furniture,Desk,5,0.08,1310.0203483565856,497.80773237550255,Apr,2024,0.38
ORD-0147,2024-09-16,Customer 077,East,Consumer,Office Supplies,Stapler,5,0.15,66.59212609862897,34.627905571287066,Sep,2024,0.52
ORD-0148,2024-10-27,Customer 124,West,Consumer,Office Supplies,Desk Organizer,8,0.1,160.89057646545194,83.66309976203502,Oct,2024,0.52
ORD-0149,2024-06-19,Customer 062,West,Corporate,Furniture,Office Chair,6,0.02,1103.7868097517414,419.43898770566176,Jun,2024,0.38
ORD-0150,2024-07-15,Customer 122,South,Corporate,Office Supplies,Notebook,1,0.05,10.88967381692029,5.662630384798551,Jul,2024,0.52
ORD-0151,2024-07-14,Customer 010,West,Small Business,Office Supplies,Paper,3,0.08,27.950757644001154,14.5343939748806,Jul,2024,0.52
ORD-0152,2024-09-14,Customer 135,East,Consumer,Technology,Keyboard,8,0.0,415.6599526112363,133.0111848355956,Sep,2024,0.31999999999999995
ORD-0153,2024-01-08,Customer 121,South,Corporate,Furniture,Bookshelf,3,0.0,413.60472695908356,157.16979624445176,Jan,2024,0.38
ORD-0154,2024-05-15,Customer 021,East,Small Business,Office Supplies,Stapler,7,0.15,90.33458789078858,46.97398570321006,May,2024,0.52
ORD-0155,2024-06-17,Customer 010,West,Corporate,Office Supplies,Desk Organizer,8,0.1,181.54629862140217,94.40407528312913,Jun,2024,0.52
ORD-0156,2024-02-05,Customer 024,South,Small Business,Office Supplies,Notebook,5,0.02,55.58686949051658,28.90517213506862,Feb,2024,0.52
ORD-0157,2024-02-20,Customer 077,North,Corporate,Furniture,Desk,3,0.15,866.1649038044629,329.1426634456959,Feb,2024,0.38
ORD-0158,2024-01-24,Customer 096,East,Consumer,Technology,Laptop,5,0.05,4383.260583160218,1402.6433866112695,Jan,2024,0.31999999999999995
ORD-0159,2024-03-15,Customer 047,South,Small Business,Furniture,Desk,7,0.1,1903.4308679459432,723.3037298194585,Mar,2024,0.38
ORD-0160,2024-03-30,Customer 062,North,Small Business,Technology,Keyboard,7,0.1,373.04828049438254,119.3754497582024,Mar,2024,0.31999999999999995
ORD-0161,2024-10-25,Customer 066,South,Consumer,Furniture,Bookshelf,8,0.15,998.8874747508821,379.5772404053352,Oct,2024,0.38
ORD-0162,2024-05-10,Customer 140,North,Corporate,Furniture,Bookshelf,5,0.15,669.8356410909199,254.53754361454958,May,2024,0.38
ORD-0163,2024-02-07,Customer 109,West,Corporate,Technology,Keyboard,5,0.15,245.68364387039696,78.61876603852701,Feb,2024,0.31999999999999995
ORD-0164,2024-05-08,Customer 124,West,Corporate,Office Supplies,Paper,4,0.08,33.93671153487013,17.64708999813247,May,2024,0.52
ORD-0165,2024-05-01,Customer 076,West,Small Business,Technology,Monitor,6,0.1,1172.0741963374385,375.06374282798026,May,2024,0.31999999999999995
ORD-0166,2024-05-31,Customer 003,North,Small Business,Office Supplies,Paper,7,0.05,66.16607067747428,34.40635675228663,May,2024,0.52
ORD-0167,2024-12-17,Customer 059,North,Small Business,Office Supplies,Notebook,8,0.05,88.15488831986401,45.84054192632929,Dec,2024,0.52
ORD-0168,2024-06-29,Customer 065,South,Small Business,Office Supplies,Notebook,4,0.1,40.191551905303896,20.899606990758027,Jun,2024,0.52
ORD-0169,2024-12-03,Customer 011,South,Small Business,Office Supplies,Pen Set,2,0.15,27.264884219525463,14.177739794153242,Dec,2024,0.52
ORD-0170,2024-08-13,Customer 034,North,Small Business,Technology,Printer,6,0.15,954.2987248986376,305.375591967564,Aug,2024,0.31999999999999995
ORD-0171,2024-05-31,Customer 052,East,Small Business,Technology,Monitor,7,0.02,1750.028330641026,560.0090658051282,May,2024,0.31999999999999995
ORD-0172,2024-10-03,Customer 066,East,Small Business,Technology,Keyboard,5,0.02,238.36701337193546,76.27744427901933,Oct,2024,0.31999999999999995
ORD-0173,2024-09-03,Customer 120,East,Small Business,Office Supplies,Desk Organizer,6,0.0,134.41099659778635,69.8937182308489,Sep,2024,0.52
ORD-0174,2024-03-13,Customer 094,South,Small Business,Technology,Monitor,7,0.1,1423.0246352668062,455.3678832853779,Mar,2024,0.31999999999999995
ORD-0175,2024-07-21,Customer 095,North,Corporate,Technology,Monitor,2,0.08,465.5332421460995,148.97063748675183,Jul,2024,0.31999999999999995
ORD-0176,2024-12-10,Customer 096,East,Small Business,Office Supplies,Pen Set,7,0.15,99.29015402753733,51.63088009431941,Dec,2024,0.52
ORD-0177,2024-12-11,Customer 144,South,Corporate,Technology,Monitor,1,0.1,230.37548888613583,73.72015644356345,Dec,2024,0.31999999999999995
ORD-0178,2024-11-08,Customer 119,South,Small Business,Furniture,Office Chair,2,0.15,351.43742002990876,133.54621961136533,Nov,2024,0.38
ORD-0179,2024-06-03,Customer 010,West,Consumer,Office Supplies,Paper,3,0.0,30.58876161789079,15.90615604130321,Jun,2024,0.52
ORD-0180,2024-09-09,Customer 035,North,Consumer,Technology,Printer,4,0.1,594.300664387783,190.17621260409052,Sep,2024,0.31999999999999995
ORD-0181,2024-08-20,Customer 040,East,Small Business,Furniture,Desk,7,0.1,1959.7292362036765,744.697109757397,Aug,2024,0.38
ORD-0182,2024-12-01,Customer 009,North,Corporate,Furniture,Desk,7,0.05,1937.837346363993,736.3781916183174,Dec,2024,0.38
ORD-0183,2024-07-08,Customer 093,South,Corporate,Office Supplies,Paper,8,0.02,79.70932306054854,41.448847991485245,Jul,2024,0.52
ORD-0184,2024-12-17,Customer 102,East,Small Business,Technology,Monitor,6,0.0,1608.3095405945253,514.659052990248,Dec,2024,0.31999999999999995
ORD-0185,2024-04-07,Customer 055,North,Corporate,Technology,Printer,2,0.15,290.59113728182615,92.98916393018435,Apr,2024,0.31999999999999995
ORD-0186,2024-11-23,Customer 033,North,Consumer,Office Supplies,Pen Set,6,0.02,111.9994320867095,58.239704685088945,Nov,2024,0.52
ORD-0187,2024-10-16,Customer 056,South,Consumer,Office Supplies,Stapler,4,0.1,59.43509967893372,30.906251833045534,Oct,2024,0.52
ORD-0188,2024-04-29,Customer 038,East,Consumer,Office Supplies,Desk Organizer,1,0.05,21.524998179855764,11.192999053524998,Apr,2024,0.52
ORD-0189,2024-10-03,Customer 007,East,Consumer,Technology,Keyboard,2,0.15,95.65102885059738,30.60832923219116,Oct,2024,0.31999999999999995
ORD-0190,2024-01-08,Customer 045,East,Consumer,Technology,Keyboard,6,0.0,311.94903911923024,99.82369251815366,Jan,2024,0.31999999999999995
ORD-0191,2024-01-27,Customer 030,South,Small Business,Technology,Printer,7,0.1,1026.4262054468102,328.4563857429792,Jan,2024,0.31999999999999995
ORD-0192,2024-02-02,Customer 152,West,Corporate,Office Supplies,Paper,6,0.1,54.54126517586356,28.36145789144905,Feb,2024,0.52
ORD-0193,2024-08-19,Customer 134,South,Small Business,Technology,Monitor,1,0.15,229.11502658855622,73.31680850833799,Aug,2024,0.31999999999999995
ORD-0194,2024-08-22,Customer 110,North,Consumer,Technology,Printer,8,0.08,1392.2818588608188,445.53019483546194,Aug,2024,0.31999999999999995
ORD-0195,2024-02-25,Customer 021,West,Small Business,Office Supplies,Pen Set,8,0.0,139.90147827597346,72.7487687035062,Feb,2024,0.52
ORD-0196,2024-11-07,Customer 160,South,Consumer,Furniture,Office Chair,3,0.05,583.1105212095329,221.5819980596225,Nov,2024,0.38
ORD-0197,2024-10-26,Customer 130,East,Corporate,Office Supplies,Pen Set,5,0.08,89.09346515682307,46.328601881547996,Oct,2024,0.52
ORD-0198,2024-08-08,Customer 142,North,Small Business,Office Supplies,Notebook,2,0.15,22.89328331181879,11.904507322145772,Aug,2024,0.52
ORD-0199,2024-04-20,Customer 087,West,Corporate,Office Supplies,Paper,4,0.08,37.07828164034838,19.280706452981157,Apr,2024,0.52
ORD-0200,2024-08-20,Customer 110,West,Corporate,Office Supplies,Desk Organizer,2,0.05,45.585675410549136,23.70455121348555,Aug,2024,0.52
ORD-0201,2024-12-06,Customer 122,East,Corporate,Furniture,Office Chair,3,0.15,564.0681455592177,214.3458953125027,Dec,2024,0.38
ORD-0202,2024-02-16,Customer 096,North,Consumer,Technology,Monitor,7,0.0,1516.5658881217541,485.30108419896123,Feb,2024,0.31999999999999995
ORD-0203,2024-03-07,Customer 032,North,Small Business,Office Supplies,Stapler,6,0.15,70.65844108962423,36.742389366604606,Mar,2024,0.52
ORD-0204,2024-06-30,Customer 154,West,Small Business,Furniture,Desk,1,0.05,341.27332779430265,129.683864561835,Jun,2024,0.38
ORD-0205,2024-06-29,Customer 124,North,Small Business,Technology,Printer,4,0.02,736.4600130138678,235.66720416443763,Jun,2024,0.31999999999999995
ORD-0206,2024-02-25,Customer 072,East,Small Business,Technology,Mouse,6,0.0,148.25717826133035,47.44229704362571,Feb,2024,0.31999999999999995
ORD-0207,2024-04-25,Customer 069,West,Small Business,Office Supplies,Notebook,1,0.1,9.79989101899735,5.095943329878622,Apr,2024,0.52
ORD-0208,2024-04-02,Customer 090,East,Small Business,Technology,Laptop,5,0.05,4276.299866048919,1368.415957135654,Apr,2024,0.31999999999999995
ORD-0209,2024-04-02,Customer 037,South,Small Business,Technology,Laptop,7,0.0,5244.13143444895,1678.1220590236637,Apr,2024,0.31999999999999995
ORD-0210,2024-11-20,Customer 108,North,Consumer,Office Supplies,Paper,4,0.08,30.58360991899584,15.903477157877838,Nov,2024,0.52
ORD-0211,2024-06-23,Customer 084,South,Corporate,Furniture,Bookshelf,5,0.15,655.4508034947237,249.071305327995,Jun,2024,0.38
ORD-0212,2024-10-17,Customer 159,North,Consumer,Office Supplies,Stapler,3,0.02,47.0463961189269,24.46412598184199,Oct,2024,0.52
ORD-0213,2024-12-11,Customer 109,North,Corporate,Technology,Laptop,8,0.15,6103.850741579758,1953.2322373055222,Dec,2024,0.31999999999999995
ORD-0214,2024-11-06,Customer 132,West,Corporate,Furniture,Bookshelf,5,0.02,691.306244462448,262.69637289573024,Nov,2024,0.37999999999999995
ORD-0215,2024-06-25,Customer 152,West,Consumer,Technology,Monitor,5,0.15,1093.7341575591113,349.99493041891554,Jun,2024,0.31999999999999995
ORD-0216,2024-09-26,Customer 154,East,Consumer,Furniture,Bookshelf,4,0.08,521.1196040005232,198.0254495201988,Sep,2024,0.38
ORD-0217,2024-01-04,Customer 066,South,Corporate,Technology,Laptop,4,0.02,3224.902584452004,1031.968827024641,Jan,2024,0.31999999999999995
ORD-0218,2024-06-16,Customer 111,North,Consumer,Technology,Printer,8,0.15,1323.8204795634044,423.62255346028934,Jun,2024,0.31999999999999995
ORD-0219,2024-03-07,Customer 144,West,Small Business,Technology,Keyboard,4,0.1,208.9693747830641,66.8701999305805,Mar,2024,0.31999999999999995
ORD-0220,2024-12-08,Customer 011,East,Consumer,Office Supplies,Desk Organizer,7,0.15,145.2061029970957,75.50717355848977,Dec,2024,0.52
ORD-0221,2024-01-10,Customer 110,West,Consumer,Furniture,Desk,6,0.1,1827.4558710316478,694.4332309920262,Jan,2024,0.38
ORD-0222,2024-07-26,Customer 006,West,Corporate,Office Supplies,Notebook,2,0.08,22.818428569644745,11.865582856215267,Jul,2024,0.52
ORD-0223,2024-03-28,Customer 112,West,Small Business,Furniture,Office Chair,6,0.0,1140.6681560151171,433.4538992857445,Mar,2024,0.38
ORD-0224,2024-02-24,Customer 021,South,Corporate,Office Supplies,Desk Organizer,7,0.1,135.72866078209012,70.57890360668686,Feb,2024,0.52
ORD-0225,2024-06-07,Customer 020,East,Consumer,Furniture,Desk,6,0.02,1790.5392892580824,680.4049299180713,Jun,2024,0.38
ORD-0226,2024-11-20,Customer 090,North,Small Business,Furniture,Filing Cabinet,4,0.05,682.9233410803186,259.51086961052107,Nov,2024,0.38
ORD-0227,2024-11-26,Customer 066,South,Consumer,Office Supplies,Paper,2,0.02,20.157454670174946,10.481876428490972,Nov,2024,0.52
ORD-0228,2024-03-29,Customer 127,South,Small Business,Technology,Mouse,2,0.02,54.11916484502219,17.3181327504071,Mar,2024,0.31999999999999995
ORD-0229,2024-10-15,Customer 081,West,Small Business,Furniture,Bookshelf,6,0.15,857.4522159718326,325.8318420692964,Oct,2024,0.38
ORD-0230,2024-08-13,Customer 078,North,Corporate,Technology,Keyboard,8,0.15,392.8523784532036,125.71276110502512,Aug,2024,0.31999999999999995
ORD-0231,2024-05-20,Customer 119,North,Corporate,Office Supplies,Stapler,2,0.05,31.19607298075298,16.221957949991552,May,2024,0.52
ORD-0232,2024-01-20,Customer 024,North,Corporate,Furniture,Bookshelf,5,0.0,761.7840113538014,289.4779243144445,Jan,2024,0.38
ORD-0233,2024-10-31,Customer 147,West,Corporate,Office Supplies,Notebook,1,0.08,11.43483509929425,5.946114251633011,Oct,2024,0.52
ORD-0234,2024-04-06,Customer 039,East,Small Business,Office Supplies,Pen Set,8,0.1,131.28217914210967,68.26673315389704,Apr,2024,0.52
ORD-0235,2024-08-18,Customer 045,North,Corporate,Technology,Laptop,2,0.1,1427.0548782593721,456.657561042999,Aug,2024,0.31999999999999995
ORD-0236,2024-05-06,Customer 096,West,Corporate,Technology,Laptop,3,0.05,2604.337867289669,833.3881175326939,May,2024,0.31999999999999995
ORD-0237,2024-07-17,Customer 086,West,Corporate,Technology,Printer,1,0.15,146.23870629243174,46.79638601357815,Jul,2024,0.31999999999999995
ORD-0238,2024-06-17,Customer 065,North,Small Business,Technology,Monitor,7,0.05,1414.958236254642,452.7866356014854,Jun,2024,0.31999999999999995
ORD-0239,2024-12-02,Customer 037,South,Corporate,Office Supplies,Paper,2,0.1,17.07929582229795,8.881233827594935,Dec,2024,0.52
ORD-0240,2024-06-07,Customer 144,West,Consumer,Furniture,Office Chair,2,0.05,370.2001334925214,140.67605072715813,Jun,2024,0.38
ORD-0241,2024-11-25,Customer 109,East,Consumer,Furniture,Desk,2,0.15,616.854556869756,234.4047316105073,Nov,2024,0.38
ORD-0242,2024-07-04,Customer 055,North,Corporate,Furniture,Filing Cabinet,5,0.02,1059.0690264011403,402.4462300324333,Jul,2024,0.38
ORD-0243,2024-09-05,Customer 020,South,Consumer,Furniture,Office Chair,3,0.02,695.8180641209683,264.41086436596794,Sep,2024,0.38
ORD-0244,2024-02-21,Customer 034,North,Small Business,Technology,Printer,6,0.1,952.5044492950389,304.8014237744124,Feb,2024,0.31999999999999995
ORD-0245,2024-07-11,Customer 160,South,Consumer,Office Supplies,Notebook,3,0.15,27.0557025657615,14.06896533419598,Jul,2024,0.52
ORD-0246,2024-03-25,Customer 061,West,Consumer,Office Supplies,Stapler,7,0.05,112.7819396868939,58.64660863718483,Mar,2024,0.52
ORD-0247,2024-11-08,Customer 137,East,Small Business,Furniture,Bookshelf,8,0.02,1170.8370307737134,444.91807169401113,Nov,2024,0.38
ORD-0248,2024-06-07,Customer 147,West,Consumer,Technology,Mouse,6,0.15,162.9343432030477,52.138989824975255,Jun,2024,0.31999999999999995
ORD-0249,2024-08-24,Customer 052,East,Corporate,Furniture,Bookshelf,7,0.02,1173.242538234707,445.8321645291886,Aug,2024,0.38
ORD-0250,2024-11-05,Customer 124,South,Corporate,Office Supplies,Stapler,1,0.15,14.156485050446385,7.36137222623212,Nov,2024,0.52
ORD-0251,2024-07-09,Customer 022,North,Small Business,Office Supplies,Desk Organizer,2,0.05,40.10715019589734,20.855718101866618,Jul,2024,0.52
ORD-0252,2024-03-23,Customer 024,East,Corporate,Office Supplies,Stapler,3,0.08,40.73662241031232,21.183043653362407,Mar,2024,0.52
ORD-0253,2024-08-18,Customer 102,East,Consumer,Technology,Mouse,7,0.0,217.52215265667206,69.60708885013504,Aug,2024,0.3199999999999999
ORD-0254,2024-07-10,Customer 058,South,Corporate,Furniture,Filing Cabinet,2,0.05,348.57038784258236,132.4567473801813,Jul,2024,0.38
ORD-0255,2024-06-12,Customer 036,North,Small Business,Technology,Laptop,6,0.02,4626.963681943014,1480.6283782217643,Jun,2024,0.31999999999999995
ORD-0256,2024-05-26,Customer 121,West,Small Business,Technology,Laptop,3,0.15,2233.254018822188,714.6412860231,May,2024,0.31999999999999995
ORD-0257,2024-11-11,Customer 056,North,Consumer,Furniture,Bookshelf,1,0.05,161.41855493583603,61.339050875617694,Nov,2024,0.38
ORD-0258,2024-03-17,Customer 078,West,Consumer,Office Supplies,Desk Organizer,5,0.02,115.12264326202175,59.86377449625132,Mar,2024,0.52
ORD-0259,2024-01-25,Customer 029,South,Corporate,Technology,Monitor,8,0.0,1985.119710574327,635.2383073837846,Jan,2024,0.31999999999999995
ORD-0260,2024-09-12,Customer 037,North,Small Business,Office Supplies,Desk Organizer,4,0.15,67.78657646819444,35.249019763461106,Sep,2024,0.52
ORD-0261,2024-08-07,Customer 147,North,Small Business,Technology,Printer,6,0.02,1107.1413851593682,354.2852432509978,Aug,2024,0.31999999999999995
ORD-0262,2024-04-05,Customer 135,North,Small Business,Furniture,Desk,6,0.0,2202.84391589405,837.080688039739,Apr,2024,0.38
ORD-0263,2024-09-16,Customer 100,North,Corporate,Furniture,Filing Cabinet,8,0.0,1395.0904798530694,530.1343823441664,Sep,2024,0.38
ORD-0264,2024-05-09,Customer 062,North,Corporate,Furniture,Office Chair,2,0.05,406.9596534491453,154.64466831067523,May,2024,0.38
ORD-0265,2024-12-02,Customer 012,North,Small Business,Office Supplies,Paper,6,0.02,59.1058574009354,30.735045848486408,Dec,2024,0.52
ORD-0266,2024-10-06,Customer 119,East,Small Business,Furniture,Office Chair,3,0.15,578.3440305979915,219.77073162723676,Oct,2024,0.38
ORD-0267,2024-09-02,Customer 118,South,Consumer,Office Supplies,Paper,2,0.15,16.343372026051448,8.498553453546753,Sep,2024,0.52
ORD-0268,2024-05-30,Customer 081,South,Consumer,Technology,Laptop,4,0.0,3636.880389100166,1163.801724512053,May,2024,0.31999999999999995
ORD-0269,2024-09-20,Customer 010,West,Small Business,Technology,Printer,8,0.05,1336.6216516145287,427.7189285166491,Sep,2024,0.31999999999999995
ORD-0270,2024-11-27,Customer 085,South,Corporate,Office Supplies,Stapler,6,0.0,86.3342818156272,44.89382654412614,Nov,2024,0.52
ORD-0271,2024-03-04,Customer 113,East,Corporate,Technology,Printer,7,0.15,1176.5229653297217,376.4873489055109,Mar,2024,0.31999999999999995
ORD-0272,2024-06-22,Customer 133,South,Corporate,Furniture,Desk,8,0.05,2672.112859482137,1015.4028866032121,Jun,2024,0.38
ORD-0273,2024-02-12,Customer 047,West,Consumer,Technology,Printer,7,0.1,1263.400202502856,404.28806480091384,Feb,2024,0.31999999999999995
ORD-0274,2024-05-30,Customer 076,East,Consumer,Furniture,Filing Cabinet,2,0.05,406.6935566576792,154.5435515299181,May,2024,0.38
ORD-0275,2024-08-16,Customer 115,West,Consumer,Technology,Printer,8,0.05,1392.7094284432758,445.66701710184816,Aug,2024,0.31999999999999995
ORD-0276,2024-06-29,Customer 104,West,Corporate,Technology,Laptop,1,0.0,863.0979896307122,276.19135668182787,Jun,2024,0.31999999999999995
ORD-0277,2024-09-19,Customer 113,South,Consumer,Furniture,Office Chair,3,0.1,621.1710089480237,236.04498340024898,Sep,2024,0.38
ORD-0278,2024-03-05,Customer 099,North,Consumer,Technology,Laptop,6,0.05,5113.850316046933,1636.4321011350182,Mar,2024,0.31999999999999995
ORD-0279,2024-01-17,Customer 096,South,Small Business,Office Supplies,Notebook,8,0.05,97.54123238559366,50.721440840508706,Jan,2024,0.52
ORD-0280,2024-02-09,Customer 081,South,Small Business,Furniture,Bookshelf,6,0.08,906.5474091791347,344.4880154880712,Feb,2024,0.38
ORD-0281,2024-05-22,Customer 048,South,Consumer,Office Supplies,Pen Set,1,0.15,17.140612067048366,8.91311827486515,May,2024,0.52
ORD-0282,2024-09-22,Customer 067,West,Small Business,Furniture,Bookshelf,2,0.05,276.8087273197257,105.18731638149576,Sep,2024,0.38
ORD-0283,2024-08-16,Customer 126,South,Small Business,Office Supplies,Paper,5,0.15,37.53883294338902,19.52019313056229,Aug,2024,0.52
ORD-0284,2024-03-03,Customer 114,South,Consumer,Technology,Mouse,8,0.02,198.74794716714425,63.59934309348615,Mar,2024,0.31999999999999995
ORD-0285,2024-12-15,Customer 017,East,Small Business,Technology,Monitor,6,0.15,1268.2300209964153,405.8336067188528,Dec,2024,0.31999999999999995
ORD-0286,2024-10-04,Customer 045,East,Corporate,Furniture,Filing Cabinet,3,0.15,431.0617885467208,163.8034796477539,Oct,2024,0.38
ORD-0287,2024-07-04,Customer 061,South,Consumer,Office Supplies,Stapler,4,0.02,59.13583413587093,30.750633750652884,Jul,2024,0.52
ORD-0288,2024-09-09,Customer 142,North,Corporate,Office Supplies,Stapler,6,0.08,84.99536345352259,44.197588995831744,Sep,2024,0.52
ORD-0289,2024-11-09,Customer 123,North,Consumer,Technology,Keyboard,5,0.08,242.2136329328831,77.50836253852258,Nov,2024,0.31999999999999995
ORD-0290,2024-07-29,Customer 082,West,Small Business,Furniture,Filing Cabinet,2,0.02,387.11910268369286,147.1052590198033,Jul,2024,0.38000000000000006
ORD-0291,2024-02-07,Customer 142,West,Corporate,Office Supplies,Pen Set,6,0.02,94.01079954245822,48.885615762078274,Feb,2024,0.52
ORD-0292,2024-10-27,Customer 015,South,Consumer,Office Supplies,Pen Set,7,0.1,100.93552684312343,52.486473958424185,Oct,2024,0.52
ORD-0293,2024-03-04,Customer 083,South,Corporate,Office Supplies,Desk Organizer,3,0.02,71.283967151136,37.06766291859072,Mar,2024,0.52
ORD-0294,2024-04-25,Customer 065,East,Small Business,Office Supplies,Paper,5,0.0,43.976316293146844,22.86768447243636,Apr,2024,0.52
ORD-0295,2024-11-21,Customer 137,East,Consumer,Technology,Mouse,5,0.1,115.20259864041712,36.864831564933475,Nov,2024,0.31999999999999995
ORD-0296,2024-09-14,Customer 160,South,Small Business,Technology,Monitor,3,0.02,720.4216079595609,230.53491454705946,Sep,2024,0.31999999999999995
ORD-0297,2024-11-05,Customer 021,East,Small Business,Office Supplies,Paper,1,0.0,9.791084334029623,5.0913638536954045,Nov,2024,0.52
ORD-0298,2024-11-24,Customer 107,East,Small Business,Technology,Laptop,4,0.1,2871.1113329178916,918.7556265337251,Nov,2024,0.31999999999999995
ORD-0299,2024-11-23,Customer 078,North,Corporate,Office Supplies,Notebook,5,0.15,53.45720185202763,27.79774496305437,Nov,2024,0.52
ORD-0300,2024-05-05,Customer 016,West,Corporate,Furniture,Bookshelf,8,0.0,1083.652578657981,411.7879798900328,May,2024,0.38
ORD-0301,2024-08-13,Customer 088,West,Corporate,Technology,Keyboard,8,0.02,385.472992705334,123.35135766570686,Aug,2024,0.31999999999999995
ORD-0302,2024-03-14,Customer 089,East,Small Business,Office Supplies,Notebook,6,0.15,62.636103932032086,32.57077404465669,Mar,2024,0.52
ORD-0303,2024-03-07,Customer 062,East,Small Business,Furniture,Desk,2,0.05,623.7906615635151,237.04045139413574,Mar,2024,0.38
ORD-0304,2024-03-03,Customer 025,East,Corporate,Furniture,Bookshelf,4,0.02,618.6383711618552,235.08258104150497,Mar,2024,0.38
ORD-0305,2024-05-28,Customer 041,West,Small Business,Technology,Laptop,7,0.02,6274.416413072947,2007.8132521833427,May,2024,0.31999999999999995
ORD-0306,2024-06-16,Customer 132,East,Consumer,Office Supplies,Desk Organizer,3,0.08,69.43210933154056,36.10469685240109,Jun,2024,0.52
ORD-0307,2024-09-12,Customer 101,East,Corporate,Furniture,Bookshelf,1,0.0,152.9101641061984,58.105862360355395,Sep,2024,0.38
ORD-0308,2024-08-22,Customer 013,South,Consumer,Furniture,Filing Cabinet,6,0.0,1102.6060023713155,418.9902809010999,Aug,2024,0.38
ORD-0309,2024-09-10,Customer 111,West,Corporate,Technology,Printer,1,0.0,197.04604906575898,63.054735701042866,Sep,2024,0.31999999999999995
ORD-0310,2024-05-15,Customer 103,East,Corporate,Technology,Keyboard,6,0.0,314.53115358745083,100.64996914798425,May,2024,0.31999999999999995
ORD-0311,2024-10-18,Customer 099,South,Corporate,Technology,Laptop,5,0.0,4243.719705259718,1357.9903056831095,Oct,2024,0.31999999999999995
ORD-0312,2024-08-18,Customer 025,East,Small Business,Furniture,Filing Cabinet,2,0.02,335.60063223120216,127.52824024785681,Aug,2024,0.38
ORD-0313,2024-07-10,Customer 051,East,Small Business,Furniture,Desk,6,0.02,1668.6869888788417,634.1010557739598,Jul,2024,0.38
ORD-0314,2024-09-17,Customer 010,West,Small Business,Office Supplies,Notebook,1,0.0,13.678980863556477,7.113070049049369,Sep,2024,0.52
ORD-0315,2024-12-31,Customer 156,East,Corporate,Technology,Keyboard,8,0.02,476.78414955051295,152.57092785616413,Dec,2024,0.31999999999999995
ORD-0316,2024-03-12,Customer 101,East,Small Business,Furniture,Filing Cabinet,6,0.02,1193.0724434229273,453.3675285007124,Mar,2024,0.38
ORD-0317,2024-06-02,Customer 145,East,Small Business,Office Supplies,Notebook,8,0.15,80.81805127133518,42.025386661094295,Jun,2024,0.52
ORD-0318,2024-08-31,Customer 029,North,Corporate,Technology,Printer,6,0.15,850.7927301727597,272.253673655283,Aug,2024,0.3199999999999999
ORD-0319,2024-10-25,Customer 122,East,Small Business,Furniture,Desk,1,0.1,265.6045444381037,100.9297268864794,Oct,2024,0.38
ORD-0320,2024-12-01,Customer 123,South,Small Business,Technology,Printer,1,0.1,153.5056243657194,49.1217997970302,Dec,2024,0.31999999999999995
ORD-0321,2024-09-25,Customer 147,West,Consumer,Technology,Keyboard,4,0.0,226.22406388354355,72.39170044273392,Sep,2024,0.31999999999999995
ORD-0322,2024-02-26,Customer 108,South,Consumer,Office Supplies,Paper,8,0.05,73.38915750042474,38.162361900220866,Feb,2024,0.52
ORD-0323,2024-07-30,Customer 016,South,Corporate,Technology,Keyboard,8,0.15,395.7867311009565,126.65175395230607,Jul,2024,0.31999999999999995
ORD-0324,2024-03-11,Customer 123,South,Small Business,Office Supplies,Paper,6,0.15,43.86122078485107,22.807834808122557,Mar,2024,0.52
ORD-0325,2024-07-11,Customer 088,East,Consumer,Furniture,Filing Cabinet,8,0.1,1556.5290400657573,591.4810352249877,Jul,2024,0.38
ORD-0326,2024-06-30,Customer 064,East,Small Business,Furniture,Filing Cabinet,8,0.02,1607.6242367197046,610.8972099534877,Jun,2024,0.38
ORD-0327,2024-10-12,Customer 054,East,Consumer,Technology,Printer,5,0.05,880.3726330222568,281.71924256712214,Oct,2024,0.31999999999999995
ORD-0328,2024-12-26,Customer 144,West,Corporate,Office Supplies,Paper,8,0.05,71.48925874145601,37.17441454555713,Dec,2024,0.52
ORD-0329,2024-05-20,Customer 089,East,Consumer,Office Supplies,Stapler,7,0.08,95.95200882824162,49.89504459068564,May,2024,0.52
ORD-0330,2024-03-15,Customer 021,East,Consumer,Office Supplies,Stapler,5,0.15,60.36406965678867,31.38931622153011,Mar,2024,0.52
ORD-0331,2024-08-14,Customer 052,East,Small Business,Furniture,Office Chair,8,0.02,1607.071822895488,610.6872927002854,Aug,2024,0.38
ORD-0332,2024-10-02,Customer 028,East,Small Business,Office Supplies,Desk Organizer,5,0.02,116.9218688911759,60.79937182341147,Oct,2024,0.52
ORD-0333,2024-10-27,Customer 136,South,Consumer,Office Supplies,Notebook,1,0.15,9.015639667686347,4.688132627196901,Oct,2024,0.52
ORD-0334,2024-11-22,Customer 085,South,Consumer,Technology,Mouse,2,0.08,46.95221685850741,15.02470939472237,Nov,2024,0.31999999999999995
ORD-0335,2024-08-29,Customer 141,North,Small Business,Office Supplies,Paper,3,0.0,24.095359260338576,12.52958681537606,Aug,2024,0.52
ORD-0336,2024-07-27,Customer 083,West,Corporate,Technology,Keyboard,4,0.05,186.21832631485947,59.58986442075502,Jul,2024,0.31999999999999995
ORD-0337,2024-11-26,Customer 010,North,Consumer,Technology,Printer,4,0.1,719.9113837785658,230.371642809141,Nov,2024,0.31999999999999995
ORD-0338,2024-08-01,Customer 048,South,Consumer,Technology,Keyboard,7,0.08,378.9896157239492,121.27667703166372,Aug,2024,0.31999999999999995
ORD-0339,2024-05-28,Customer 155,North,Consumer,Office Supplies,Paper,5,0.1,40.8250908210699,21.22904722695635,May,2024,0.52
ORD-0340,2024-06-20,Customer 130,East,Corporate,Technology,Monitor,8,0.02,1705.5108843038495,545.7634829772318,Jun,2024,0.31999999999999995
ORD-0341,2024-05-19,Customer 118,South,Consumer,Furniture,Bookshelf,6,0.02,893.2334045003225,339.42869371012256,May,2024,0.38
ORD-0342,2024-05-11,Customer 146,South,Consumer,Office Supplies,Pen Set,6,0.05,103.40411499416324,53.770139796964884,May,2024,0.52
ORD-0343,2024-04-08,Customer 132,South,Small Business,Office Supplies,Pen Set,7,0.08,107.43054140519162,55.86388153069964,Apr,2024,0.52
ORD-0344,2024-02-14,Customer 036,West,Small Business,Furniture,Office Chair,2,0.02,410.42280148311437,155.96066456358346,Feb,2024,0.38
ORD-0345,2024-06-14,Customer 061,South,Consumer,Furniture,Bookshelf,5,0.08,681.4414320182307,258.94774416692763,Jun,2024,0.37999999999999995
ORD-0346,2024-05-16,Customer 093,East,Corporate,Furniture,Bookshelf,1,0.05,149.09483252255902,56.65603635857243,May,2024,0.38
ORD-0347,2024-04-30,Customer 079,North,Small Business,Office Supplies,Paper,2,0.08,17.412430731759407,9.054463980514893,Apr,2024,0.52
ORD-0348,2024-07-26,Customer 076,East,Small Business,Technology,Keyboard,2,0.15,83.42369972669526,26.695583912542478,Jul,2024,0.31999999999999995
ORD-0349,2024-11-10,Customer 040,South,Consumer,Furniture,Office Chair,3,0.08,568.6718772881258,216.0953133694878,Nov,2024,0.38
ORD-0350,2024-11-06,Customer 056,East,Corporate,Furniture,Bookshelf,8,0.1,1132.9007514222712,430.50228554046305,Nov,2024,0.38
ORD-0351,2024-05-06,Customer 093,North,Small Business,Office Supplies,Stapler,8,0.1,109.71145330019536,57.049955716101586,May,2024,0.52
ORD-0352,2024-10-15,Customer 138,North,Consumer,Technology,Monitor,4,0.1,960.1219501524118,307.23902404877174,Oct,2024,0.31999999999999995
ORD-0353,2024-03-25,Customer 053,East,Small Business,Technology,Keyboard,8,0.0,465.4528034363306,148.94489709962576,Mar,2024,0.31999999999999995
ORD-0354,2024-10-25,Customer 117,West,Consumer,Office Supplies,Paper,8,0.0,66.52744526246299,34.594271536480754,Oct,2024,0.52
ORD-0355,2024-09-19,Customer 119,West,Corporate,Technology,Keyboard,1,0.1,44.50315130900674,14.241008418882155,Sep,2024,0.31999999999999995
ORD-0356,2024-06-06,Customer 056,North,Corporate,Office Supplies,Pen Set,5,0.0,94.81078846041345,49.30160999941499,Jun,2024,0.52
ORD-0357,2024-02-07,Customer 017,North,Corporate,Office Supplies,Notebook,6,0.15,54.29407289538976,28.232917905602676,Feb,2024,0.52
ORD-0358,2024-01-31,Customer 105,North,Corporate,Furniture,Filing Cabinet,1,0.05,187.38777295336223,71.20735372227765,Jan,2024,0.38
ORD-0359,2024-03-10,Customer 097,West,Corporate,Technology,Keyboard,7,0.08,401.6139789084344,128.516473250699,Mar,2024,0.32
ORD-0360,2024-02-11,Customer 046,South,Small Business,Furniture,Desk,6,0.0,1987.9258138108557,755.4118092481252,Feb,2024,0.38
ORD-0361,2024-07-20,Customer 006,South,Small Business,Furniture,Filing Cabinet,4,0.0,748.4524688575783,284.41193816587975,Jul,2024,0.38
ORD-0362,2024-08-25,Customer 064,West,Small Business,Technology,Printer,7,0.02,1301.0937188758069,416.34999004025815,Aug,2024,0.31999999999999995
ORD-0363,2024-06-26,Customer 029,South,Corporate,Furniture,Bookshelf,4,0.15,511.9014230206818,194.5225407478591,Jun,2024,0.38
ORD-0364,2024-12-04,Customer 053,West,Small Business,Technology,Laptop,1,0.02,855.754672085047,273.841495067215,Dec,2024,0.32
ORD-0365,2024-02-21,Customer 012,North,Corporate,Technology,Monitor,1,0.02,266.7627812165444,85.3640899892942,Feb,2024,0.31999999999999995
ORD-0366,2024-08-12,Customer 036,South,Small Business,Furniture,Desk,4,0.0,1259.8370716239474,478.73808721710003,Aug,2024,0.38
ORD-0367,2024-05-28,Customer 154,South,Small Business,Furniture,Filing Cabinet,6,0.1,1169.1490099905006,444.27662379639025,May,2024,0.38
ORD-0368,2024-12-10,Customer 134,East,Consumer,Office Supplies,Stapler,5,0.02,82.64668348961808,42.9762754146014,Dec,2024,0.52
ORD-0369,2024-07-30,Customer 152,East,Corporate,Technology,Mouse,1,0.1,23.508162881106372,7.522612121954038,Jul,2024,0.31999999999999995
ORD-0370,2024-03-30,Customer 089,West,Small Business,Office Supplies,Paper,8,0.0,64.70838368901322,33.648359518286874,Mar,2024,0.52
ORD-0371,2024-12-09,Customer 107,West,Small Business,Office Supplies,Pen Set,6,0.15,83.28188354214089,43.306579441913264,Dec,2024,0.52
ORD-0372,2024-03-17,Customer 122,East,Corporate,Furniture,Desk,3,0.1,764.5707874879936,290.53689924543755,Mar,2024,0.38
ORD-0373,2024-04-25,Customer 015,East,Small Business,Technology,Mouse,3,0.08,69.9770090419489,22.392642893423645,Apr,2024,0.31999999999999995
ORD-0374,2024-07-30,Customer 063,West,Small Business,Furniture,Filing Cabinet,3,0.08,558.1775630344752,212.10747395310057,Jul,2024,0.38
ORD-0375,2024-04-14,Customer 095,East,Small Business,Technology,Printer,2,0.08,297.8219736999075,95.3030315839704,Apr,2024,0.31999999999999995
ORD-0376,2024-10-01,Customer 155,South,Consumer,Technology,Monitor,5,0.08,1066.6002558779644,341.31208188094854,Oct,2024,0.31999999999999995
ORD-0377,2024-01-21,Customer 054,North,Consumer,Office Supplies,Notebook,4,0.08,48.934417307751,25.44589700003052,Jan,2024,0.52
ORD-0378,2024-06-19,Customer 031,East,Consumer,Office Supplies,Desk Organizer,4,0.02,76.43308236922157,39.745202831995215,Jun,2024,0.52
ORD-0379,2024-09-02,Customer 062,South,Small Business,Office Supplies,Paper,4,0.08,36.4289029587033,18.943029538525714,Sep,2024,0.52
ORD-0380,2024-06-13,Customer 092,East,Corporate,Furniture,Filing Cabinet,8,0.1,1307.945879610303,497.0194342519152,Jun,2024,0.38
ORD-0381,2024-05-13,Customer 026,East,Small Business,Technology,Printer,8,0.08,1208.091086180956,386.58914757790586,May,2024,0.31999999999999995
ORD-0382,2024-08-28,Customer 106,East,Consumer,Office Supplies,Stapler,6,0.05,91.32417746243142,47.48857228046434,Aug,2024,0.52
ORD-0383,2024-10-15,Customer 067,South,Small Business,Technology,Laptop,3,0.0,2677.0271500079502,856.648688002544,Oct,2024,0.31999999999999995
ORD-0384,2024-10-26,Customer 085,West,Corporate,Furniture,Filing Cabinet,3,0.02,623.9100840241771,237.0858319291873,Oct,2024,0.38
ORD-0385,2024-07-13,Customer 126,South,Corporate,Technology,Mouse,6,0.05,172.123681419597,55.07957805427103,Jul,2024,0.31999999999999995
ORD-0386,2024-11-24,Customer 091,West,Corporate,Office Supplies,Paper,3,0.15,25.174769585129713,13.090880184267451,Nov,2024,0.52
ORD-0387,2024-03-12,Customer 009,West,Consumer,Technology,Keyboard,1,0.1,47.329392062415515,15.145405459972963,Mar,2024,0.31999999999999995
ORD-0388,2024-02-08,Customer 060,North,Consumer,Office Supplies,Desk Organizer,7,0.02,140.03997750575365,72.8207883029919,Feb,2024,0.52
ORD-0389,2024-12-28,Customer 117,South,Consumer,Technology,Monitor,4,0.1,935.4234092627794,299.33549096408933,Dec,2024,0.3199999999999999
ORD-0390,2024-01-31,Customer 002,West,Small Business,Furniture,Office Chair,8,0.0,1844.3802377316308,700.8644903380197,Jan,2024,0.37999999999999995
ORD-0391,2024-10-09,Customer 071,West,Consumer,Furniture,Filing Cabinet,1,0.1,196.21162240617107,74.56041651434501,Oct,2024,0.38
ORD-0392,2024-05-26,Customer 028,North,Small Business,Furniture,Filing Cabinet,7,0.02,1292.1995876233152,491.0358432968598,May,2024,0.38
ORD-0393,2024-09-25,Customer 135,South,Consumer,Technology,Monitor,4,0.1,847.1043790537404,271.0734012971969,Sep,2024,0.31999999999999995
ORD-0394,2024-06-30,Customer 104,East,Corporate,Technology,Printer,2,0.05,372.653972794916,119.2492712943731,Jun,2024,0.31999999999999995
ORD-0395,2024-10-16,Customer 021,South,Small Business,Furniture,Bookshelf,4,0.05,554.0496648449393,210.53887264107695,Oct,2024,0.38
ORD-0396,2024-11-28,Customer 097,North,Consumer,Office Supplies,Pen Set,7,0.08,131.1408150796706,68.19322384142872,Nov,2024,0.52
ORD-0397,2024-08-31,Customer 044,North,Small Business,Furniture,Filing Cabinet,1,0.15,179.55108804411452,68.22941345676352,Aug,2024,0.38
ORD-0398,2024-09-12,Customer 025,West,Small Business,Technology,Monitor,6,0.1,1290.5935900590664,412.9899488189012,Sep,2024,0.31999999999999995
ORD-0399,2024-01-22,Customer 012,South,Consumer,Furniture,Filing Cabinet,8,0.05,1563.4696119105488,594.1184525260086,Jan,2024,0.38
ORD-0400,2024-12-16,Customer 081,East,Small Business,Technology,Monitor,1,0.02,254.8924906758737,81.56559701627957,Dec,2024,0.31999999999999995
ORD-0401,2024-04-16,Customer 077,South,Small Business,Technology,Laptop,7,0.0,5401.6684952849255,1728.5339184911759,Apr,2024,0.31999999999999995
ORD-0402,2024-10-15,Customer 139,South,Small Business,Technology,Keyboard,7,0.15,367.72731845193977,117.67274190462071,Oct,2024,0.31999999999999995
ORD-0403,2024-07-15,Customer 089,South,Small Business,Furniture,Office Chair,2,0.1,384.2060571320283,145.99830171017075,Jul,2024,0.37999999999999995
ORD-0404,2024-02-20,Customer 155,West,Consumer,Technology,Laptop,2,0.05,1781.5767780962803,570.1045689908096,Feb,2024,0.31999999999999995
ORD-0405,2024-11-10,Customer 070,West,Corporate,Office Supplies,Stapler,1,0.15,12.32177075154788,6.407320790804898,Nov,2024,0.52
ORD-0406,2024-08-18,Customer 097,West,Consumer,Office Supplies,Stapler,6,0.1,90.8650930072119,47.24984836375019,Aug,2024,0.52
ORD-0407,2024-04-05,Customer 019,West,Consumer,Furniture,Desk,5,0.02,1544.6124227088953,586.9527206293802,Apr,2024,0.38
ORD-0408,2024-05-17,Customer 100,South,Corporate,Technology,Monitor,3,0.15,540.3508135306045,172.9122603297934,May,2024,0.31999999999999995
ORD-0409,2024-07-03,Customer 114,North,Consumer,Furniture,Office Chair,1,0.05,224.32840015982362,85.24479206073298,Jul,2024,0.38
ORD-0410,2024-05-18,Customer 111,North,Consumer,Furniture,Office Chair,2,0.02,372.3528709645966,141.4940909665467,May,2024,0.38
ORD-0411,2024-10-12,Customer 091,West,Consumer,Furniture,Bookshelf,1,0.0,144.9322023224118,55.07423688251648,Oct,2024,0.38
ORD-0412,2024-02-17,Customer 106,East,Corporate,Furniture,Filing Cabinet,1,0.05,205.14126996422095,77.95368258640396,Feb,2024,0.37999999999999995
ORD-0413,2024-02-13,Customer 098,South,Small Business,Furniture,Desk,3,0.15,927.5177666132822,352.4567513130472,Feb,2024,0.37999999999999995
ORD-0414,2024-03-12,Customer 038,East,Corporate,Technology,Keyboard,5,0.08,261.8115421377016,83.77969348406451,Mar,2024,0.31999999999999995
ORD-0415,2024-03-26,Customer 124,West,Corporate,Technology,Monitor,7,0.05,1676.75129146821,536.5604132698271,Mar,2024,0.31999999999999995
ORD-0416,2024-02-09,Customer 127,East,Corporate,Office Supplies,Stapler,4,0.15,51.05509483764146,26.548649315573563,Feb,2024,0.52
ORD-0417,2024-11-11,Customer 078,South,Corporate,Office Supplies,Notebook,2,0.02,22.559605684591386,11.730994955987521,Nov,2024,0.52
ORD-0418,2024-07-21,Customer 113,East,Small Business,Technology,Laptop,7,0.05,5475.799612529931,1752.2558760095778,Jul,2024,0.31999999999999995
ORD-0419,2024-08-08,Customer 052,South,Corporate,Furniture,Office Chair,6,0.1,1203.8317008816678,457.45604633503376,Aug,2024,0.38
ORD-0420,2024-06-09,Customer 126,South,Corporate,Furniture,Bookshelf,6,0.05,926.0856601206883,351.9125508458616,Jun,2024,0.38
ORD-0421,2024-05-04,Customer 094,East,Corporate,Office Supplies,Notebook,5,0.08,60.373694067690046,31.394320915198826,May,2024,0.52
ORD-0422,2024-10-15,Customer 141,South,Small Business,Technology,Monitor,3,0.15,669.0365019153719,214.09168061291896,Oct,2024,0.31999999999999995
ORD-0423,2024-08-24,Customer 018,South,Corporate,Technology,Laptop,5,0.15,3267.960152761116,1045.747248883557,Aug,2024,0.31999999999999995
ORD-0424,2024-07-28,Customer 065,West,Consumer,Office Supplies,Desk Organizer,5,0.02,109.25459738867335,56.812390642110145,Jul,2024,0.52
ORD-0425,2024-03-19,Customer 154,West,Corporate,Office Supplies,Pen Set,2,0.08,29.66031345557284,15.423362996897877,Mar,2024,0.52
ORD-0426,2024-10-25,Customer 010,West,Small Business,Furniture,Bookshelf,7,0.1,971.812294324901,369.2886718434624,Oct,2024,0.38
ORD-0427,2024-07-03,Customer 091,North,Consumer,Office Supplies,Stapler,4,0.15,50.9598750039114,26.499135002033928,Jul,2024,0.52
ORD-0428,2024-11-27,Customer 111,North,Small Business,Technology,Keyboard,7,0.05,409.52300730783895,131.04736233850844,Nov,2024,0.31999999999999995
ORD-0429,2024-01-06,Customer 133,North,Corporate,Technology,Monitor,4,0.1,842.1814541281489,269.4980653210076,Jan,2024,0.31999999999999995
ORD-0430,2024-10-24,Customer 119,South,Corporate,Furniture,Filing Cabinet,6,0.08,956.0945694439038,363.31593638868344,Oct,2024,0.38
ORD-0431,2024-12-13,Customer 027,South,Corporate,Office Supplies,Stapler,1,0.08,12.676787007328866,6.59192924381101,Dec,2024,0.52
ORD-0432,2024-07-31,Customer 080,North,Consumer,Technology,Printer,3,0.05,556.9168375991871,178.21338803173987,Jul,2024,0.31999999999999995
ORD-0433,2024-08-21,Customer 122,South,Small Business,Furniture,Office Chair,8,0.05,1670.882527844243,634.9353605808124,Aug,2024,0.38
ORD-0434,2024-08-12,Customer 012,West,Corporate,Technology,Monitor,2,0.05,413.7302238842379,132.3936716429561,Aug,2024,0.31999999999999995
ORD-0435,2024-12-29,Customer 028,North,Consumer,Office Supplies,Stapler,6,0.15,69.05722608030527,35.90975756175874,Dec,2024,0.52
ORD-0436,2024-03-25,Customer 041,South,Small Business,Office Supplies,Pen Set,3,0.1,51.966116943006575,27.02238081036342,Mar,2024,0.52
ORD-0437,2024-10-13,Customer 048,West,Corporate,Furniture,Office Chair,4,0.08,695.2464378559272,264.19364638525235,Oct,2024,0.38
ORD-0438,2024-11-23,Customer 158,West,Corporate,Technology,Keyboard,1,0.15,51.51392859839251,16.4844571514856,Nov,2024,0.31999999999999995
ORD-0439,2024-08-18,Customer 055,West,Corporate,Technology,Mouse,1,0.15,25.482312551707643,8.154340016546445,Aug,2024,0.32
ORD-0440,2024-05-22,Customer 048,North,Small Business,Technology,Mouse,2,0.1,45.45899420697497,14.546878146231988,May,2024,0.31999999999999995
ORD-0441,2024-06-15,Customer 126,South,Corporate,Furniture,Office Chair,2,0.05,360.2595669383977,136.89863543659112,Jun,2024,0.37999999999999995
ORD-0442,2024-11-23,Customer 101,East,Small Business,Furniture,Filing Cabinet,7,0.1,1372.2320453757948,521.448177242802,Nov,2024,0.38
ORD-0443,2024-02-28,Customer 045,East,Corporate,Office Supplies,Notebook,8,0.1,84.76298912339877,44.07675434416736,Feb,2024,0.52
ORD-0444,2024-12-10,Customer 035,East,Small Business,Office Supplies,Desk Organizer,2,0.15,36.654744401081466,19.060467088562362,Dec,2024,0.52
ORD-0445,2024-03-01,Customer 096,South,Corporate,Furniture,Office Chair,2,0.02,452.5360415084607,171.96369577321508,Mar,2024,0.38
ORD-0446,2024-03-13,Customer 099,West,Corporate,Office Supplies,Paper,3,0.1,27.598897916215492,14.351426916432056,Mar,2024,0.52
ORD-0447,2024-04-05,Customer 043,West,Small Business,Furniture,Desk,3,0.1,990.3343281685992,376.3270447040677,Apr,2024,0.38
ORD-0448,2024-05-27,Customer 159,South,Consumer,Furniture,Bookshelf,6,0.08,897.065227096489,340.8847862966658,May,2024,0.38
ORD-0449,2024-07-02,Customer 099,North,Corporate,Technology,Laptop,3,0.02,2452.993630145275,784.9579616464879,Jul,2024,0.31999999999999995
ORD-0450,2024-09-15,Customer 114,West,Corporate,Furniture,Filing Cabinet,8,0.08,1262.119198602483,479.60529546894355,Sep,2024,0.38
ORD-0451,2024-03-26,Customer 075,North,Small Business,Furniture,Bookshelf,1,0.02,160.20496109315994,60.877885215400774,Mar,2024,0.38
ORD-0452,2024-05-20,Customer 118,South,Small Business,Technology,Laptop,5,0.02,4293.153499040399,1373.8091196929274,May,2024,0.31999999999999995
ORD-0453,2024-09-10,Customer 140,North,Small Business,Office Supplies,Notebook,2,0.05,22.675510688924383,11.79126555824068,Sep,2024,0.52
ORD-0454,2024-07-06,Customer 056,North,Small Business,Office Supplies,Desk Organizer,8,0.1,178.15496434173164,92.64058145770046,Jul,2024,0.52
ORD-0455,2024-02-22,Customer 068,South,Corporate,Furniture,Desk,1,0.08,267.9108654735514,101.80612887994953,Feb,2024,0.38
ORD-0456,2024-02-14,Customer 151,West,Consumer,Furniture,Office Chair,4,0.02,833.9088261801035,316.88535394843933,Feb,2024,0.38
ORD-0457,2024-06-28,Customer 053,West,Consumer,Office Supplies,Paper,3,0.02,23.3659127089474,12.150274608652648,Jun,2024,0.52
ORD-0458,2024-01-31,Customer 138,East,Small Business,Office Supplies,Stapler,5,0.1,67.94134020034295,35.329496904178335,Jan,2024,0.52
ORD-0459,2024-06-14,Customer 025,East,Corporate,Technology,Keyboard,5,0.1,221.56246639743878,70.8999892471804,Jun,2024,0.31999999999999995
ORD-0460,2024-07-29,Customer 034,North,Corporate,Technology,Keyboard,3,0.15,127.91933744428123,40.93418798216999,Jul,2024,0.31999999999999995
ORD-0461,2024-03-15,Customer 037,East,Consumer,Technology,Mouse,7,0.08,164.40352986108883,52.609129555548414,Mar,2024,0.31999999999999995
ORD-0462,2024-11-19,Customer 116,East,Small Business,Office Supplies,Notebook,7,0.08,81.55256247983293,42.407332489513124,Nov,2024,0.52
ORD-0463,2024-11-20,Customer 095,North,Corporate,Technology,Monitor,5,0.15,1103.0607597496976,352.9794431199032,Nov,2024,0.31999999999999995
ORD-0464,2024-09-06,Customer 024,East,Small Business,Furniture,Bookshelf,1,0.15,132.2824697384697,50.267338500618486,Sep,2024,0.38
ORD-0465,2024-08-22,Customer 110,East,Consumer,Office Supplies,Paper,7,0.02,70.37042394856091,36.592620453251676,Aug,2024,0.52
ORD-0466,2024-04-18,Customer 087,West,Corporate,Office Supplies,Desk Organizer,6,0.05,123.04436808151357,63.983071402387054,Apr,2024,0.52
ORD-0467,2024-10-22,Customer 013,South,Small Business,Furniture,Filing Cabinet,8,0.05,1382.1134281995717,525.2031027158372,Oct,2024,0.37999999999999995
ORD-0468,2024-02-20,Customer 113,West,Consumer,Technology,Laptop,2,0.02,1856.793259842183,594.1738431494985,Feb,2024,0.31999999999999995
ORD-0469,2024-01-01,Customer 078,West,Consumer,Furniture,Bookshelf,3,0.15,359.69186022309646,136.68290688477666,Jan,2024,0.38
ORD-0470,2024-05-20,Customer 022,North,Small Business,Technology,Keyboard,6,0.05,357.4119718509505,114.37183099230415,May,2024,0.31999999999999995
ORD-0471,2024-12-06,Customer 079,South,Consumer,Furniture,Office Chair,7,0.15,1103.66049435373,419.3909878544174,Dec,2024,0.38
ORD-0472,2024-12-24,Customer 025,South,Corporate,Office Supplies,Paper,2,0.15,17.470569433129256,9.084696105227213,Dec,2024,0.52
ORD-0473,2024-04-19,Customer 058,West,Consumer,Technology,Laptop,3,0.1,2046.3440394401744,654.8300926208557,Apr,2024,0.31999999999999995
ORD-0474,2024-12-14,Customer 088,West,Consumer,Furniture,Filing Cabinet,1,0.15,180.97829547280438,68.77175227966566,Dec,2024,0.38
ORD-0475,2024-03-02,Customer 019,West,Small Business,Office Supplies,Desk Organizer,3,0.08,62.08494306280443,32.284170392658304,Mar,2024,0.52
ORD-0476,2024-07-15,Customer 081,North,Small Business,Technology,Mouse,2,0.0,64.29362771732383,20.573960869543622,Jul,2024,0.31999999999999995
ORD-0477,2024-06-02,Customer 037,South,Corporate,Furniture,Office Chair,3,0.15,481.9098763122676,183.12575299866168,Jun,2024,0.37999999999999995
ORD-0478,2024-09-28,Customer 090,North,Small Business,Technology,Monitor,3,0.08,681.9677310566074,218.22967393811433,Sep,2024,0.31999999999999995
ORD-0479,2024-04-19,Customer 023,South,Corporate,Office Supplies,Paper,8,0.02,80.55917646658658,41.89077176262502,Apr,2024,0.52
ORD-0480,2024-03-12,Customer 110,North,Small Business,Technology,Monitor,7,0.05,1629.8933230098003,521.565863363136,Mar,2024,0.31999999999999995
ORD-0481,2024-03-12,Customer 142,South,Corporate,Furniture,Office Chair,2,0.02,432.15432945324795,164.21864519223422,Mar,2024,0.38
ORD-0482,2024-11-03,Customer 078,East,Small Business,Office Supplies,Notebook,1,0.15,10.892091889463634,5.66388778252109,Nov,2024,0.52
ORD-0483,2024-09-22,Customer 014,South,Small Business,Technology,Mouse,7,0.05,186.70759749013504,59.746431196843204,Sep,2024,0.31999999999999995
ORD-0484,2024-05-02,Customer 128,West,Corporate,Office Supplies,Stapler,2,0.02,30.853556039707296,16.043849140647794,May,2024,0.52
ORD-0485,2024-10-31,Customer 082,North,Small Business,Office Supplies,Pen Set,1,0.05,17.745779178148954,9.227805172637456,Oct,2024,0.52
ORD-0486,2024-07-17,Customer 019,West,Corporate,Technology,Keyboard,3,0.08,170.51886221798367,54.56603590975477,Jul,2024,0.31999999999999995
ORD-0487,2024-10-27,Customer 011,North,Consumer,Technology,Laptop,5,0.02,3716.306727012987,1189.2181526441557,Oct,2024,0.31999999999999995
ORD-0488,2024-07-22,Customer 103,East,Small Business,Technology,Laptop,7,0.08,5232.377974953525,1674.3609519851277,Jul,2024,0.31999999999999995
ORD-0489,2024-11-23,Customer 021,South,Corporate,Technology,Monitor,2,0.05,518.2946619195059,165.85429181424186,Nov,2024,0.31999999999999995
ORD-0490,2024-04-14,Customer 151,South,Small Business,Furniture,Filing Cabinet,6,0.08,1175.045337267094,446.5172281614957,Apr,2024,0.38
ORD-0491,2024-11-28,Customer 062,North,Corporate,Office Supplies,Pen Set,7,0.15,107.42422632030446,55.86059768655832,Nov,2024,0.52
ORD-0492,2024-05-05,Customer 157,North,Corporate,Technology,Laptop,2,0.08,1638.189593399633,524.2206698878824,May,2024,0.31999999999999995
ORD-0493,2024-01-29,Customer 004,East,Small Business,Office Supplies,Notebook,3,0.0,34.37614509857661,17.875595451259837,Jan,2024,0.52
ORD-0494,2024-03-11,Customer 134,North,Consumer,Office Supplies,Paper,8,0.05,63.66622157777842,33.10643522044478,Mar,2024,0.52
ORD-0495,2024-05-12,Customer 069,South,Corporate,Furniture,Filing Cabinet,3,0.15,487.0187068422237,185.067108600045,May,2024,0.38
ORD-0496,2024-03-01,Customer 135,North,Corporate,Office Supplies,Paper,7,0.05,58.377995328786994,30.356557570969237,Mar,2024,0.52
ORD-0497,2024-05-14,Customer 093,North,Corporate,Technology,Monitor,8,0.1,1792.9505955451427,573.7441905744456,May,2024,0.31999999999999995
ORD-0498,2024-09-12,Customer 027,South,Corporate,Technology,Laptop,3,0.05,2182.6442826728726,698.4461704553191,Sep,2024,0.31999999999999995
ORD-0499,2024-12-11,Customer 004,North,Consumer,Office Supplies,Notebook,1,0.0,13.717039176838377,7.132860371955956,Dec,2024,0.52
ORD-0500,2024-01-24,Customer 046,West,Corporate,Technology,Mouse,7,0.02,220.17686714590334,70.45659748668906,Jan,2024,0.31999999999999995
ORD-0501,2024-01-19,Customer 107,West,Consumer,Office Supplies,Desk Organizer,6,0.02,138.22163381791043,71.87524958531343,Jan,2024,0.52
ORD-0502,2024-06-12,Customer 129,East,Consumer,Office Supplies,Paper,6,0.0,55.33628502129727,28.774868211074583,Jun,2024,0.52
ORD-0503,2024-01-27,Customer 018,South,Consumer,Office Supplies,Pen Set,1,0.08,15.95675987793943,8.297515136528503,Jan,2024,0.52
ORD-0504,2024-05-24,Customer 117,East,Corporate,Furniture,Bookshelf,2,0.1,296.9256569366366,112.83174963592191,May,2024,0.38
ORD-0505,2024-07-07,Customer 160,South,Corporate,Technology,Laptop,5,0.15,3846.8696674297394,1230.9982935775165,Jul,2024,0.31999999999999995
ORD-0506,2024-08-25,Customer 140,East,Small Business,Technology,Mouse,8,0.02,202.81597104174745,64.90111073335918,Aug,2024,0.31999999999999995
ORD-0507,2024-05-05,Customer 060,South,Consumer,Office Supplies,Stapler,7,0.0,118.22478568040044,61.47688855380823,May,2024,0.52
ORD-0508,2024-06-26,Customer 097,North,Corporate,Furniture,Filing Cabinet,1,0.15,177.98673647766478,67.63495986151261,Jun,2024,0.38
ORD-0509,2024-06-06,Customer 126,North,Consumer,Office Supplies,Desk Organizer,4,0.08,92.00666626463082,47.84346645760803,Jun,2024,0.52
ORD-0510,2024-03-13,Customer 134,East,Consumer,Technology,Laptop,1,0.02,896.261574631626,286.80370388212026,Mar,2024,0.31999999999999995
ORD-0511,2024-12-24,Customer 025,East,Corporate,Furniture,Desk,2,0.1,602.278331271934,228.86576588333492,Dec,2024,0.38
ORD-0512,2024-03-09,Customer 034,West,Consumer,Furniture,Filing Cabinet,1,0.08,173.56339834077207,65.95409136949338,Mar,2024,0.38
ORD-0513,2024-05-29,Customer 084,East,Corporate,Technology,Mouse,7,0.15,188.5639926382302,60.34047764423365,May,2024,0.31999999999999995
ORD-0514,2024-08-19,Customer 035,East,Consumer,Furniture,Office Chair,2,0.02,458.4554121679593,174.21305662382454,Aug,2024,0.38
ORD-0515,2024-10-26,Customer 116,North,Consumer,Office Supplies,Stapler,2,0.02,26.23094580330293,13.640091817717524,Oct,2024,0.52
ORD-0516,2024-06-09,Customer 116,West,Consumer,Furniture,Bookshelf,6,0.02,782.4390313067755,297.3268318965747,Jun,2024,0.37999999999999995
ORD-0517,2024-08-25,Customer 078,East,Consumer,Technology,Printer,2,0.02,346.3243944753355,110.82380623210734,Aug,2024,0.31999999999999995
ORD-0518,2024-12-26,Customer 024,North,Consumer,Office Supplies,Desk Organizer,6,0.02,142.1471582948832,73.91652231333927,Dec,2024,0.52
ORD-0519,2024-05-07,Customer 077,East,Corporate,Office Supplies,Paper,1,0.15,8.771218845100016,4.561033799452009,May,2024,0.52
ORD-0520,2024-03-30,Customer 141,North,Corporate,Technology,Printer,8,0.1,1193.1138785349465,381.7964411311828,Mar,2024,0.31999999999999995
ORD-0521,2024-02-18,Customer 004,West,Consumer,Technology,Mouse,3,0.0,87.39488462418643,27.966363079739654,Feb,2024,0.31999999999999995
ORD-0522,2024-04-23,Customer 022,South,Consumer,Technology,Laptop,7,0.05,5555.506103118849,1777.7619529980313,Apr,2024,0.31999999999999995
ORD-0523,2024-10-27,Customer 051,East,Consumer,Office Supplies,Notebook,1,0.0,13.702522648919313,7.125311777438043,Oct,2024,0.52
ORD-0524,2024-08-15,Customer 011,South,Consumer,Office Supplies,Pen Set,6,0.0,119.59618779863726,62.19001765529138,Aug,2024,0.52
ORD-0525,2024-01-26,Customer 102,South,Small Business,Furniture,Bookshelf,7,0.15,987.4162596177663,375.21817865475117,Jan,2024,0.38
ORD-0526,2024-01-16,Customer 091,West,Small Business,Furniture,Bookshelf,7,0.02,1035.7370205858365,393.5800678226179,Jan,2024,0.38
ORD-0527,2024-04-05,Customer 009,East,Corporate,Technology,Mouse,8,0.02,217.76411783135433,69.68451770603338,Apr,2024,0.31999999999999995
ORD-0528,2024-11-13,Customer 106,South,Small Business,Office Supplies,Notebook,5,0.08,52.650859000055256,27.378446680028734,Nov,2024,0.52
ORD-0529,2024-09-02,Customer 036,North,Consumer,Furniture,Filing Cabinet,5,0.08,782.4234896996858,297.3209260858806,Sep,2024,0.38
ORD-0530,2024-04-12,Customer 092,South,Small Business,Furniture,Desk,1,0.08,327.8070522437617,124.56667985262945,Apr,2024,0.38
ORD-0531,2024-10-05,Customer 070,West,Corporate,Furniture,Bookshelf,6,0.08,910.3721496011201,345.94141684842566,Oct,2024,0.38
ORD-0532,2024-01-14,Customer 072,East,Small Business,Technology,Keyboard,4,0.0,252.98322979319616,80.95463353382276,Jan,2024,0.31999999999999995
ORD-0533,2024-08-29,Customer 026,East,Small Business,Technology,Laptop,4,0.02,3828.7743641051675,1225.2077965136534,Aug,2024,0.31999999999999995
ORD-0534,2024-12-02,Customer 148,South,Corporate,Technology,Mouse,1,0.02,28.262282420468743,9.043930374549996,Dec,2024,0.31999999999999995
ORD-0535,2024-07-17,Customer 152,East,Consumer,Office Supplies,Desk Organizer,3,0.02,70.34768862374635,36.5807980843481,Jul,2024,0.52
ORD-0536,2024-12-23,Customer 091,East,Small Business,Furniture,Office Chair,1,0.15,202.61298435168362,76.99293405363977,Dec,2024,0.38
ORD-0537,2024-10-15,Customer 139,South,Small Business,Office Supplies,Notebook,4,0.08,48.991315768524906,25.47548419963295,Oct,2024,0.52
ORD-0538,2024-03-30,Customer 060,West,Consumer,Technology,Printer,2,0.0,340.84223548943885,109.06951535662041,Mar,2024,0.31999999999999995
ORD-0539,2024-04-22,Customer 085,North,Small Business,Office Supplies,Notebook,8,0.0,96.15810398723761,50.00221407336356,Apr,2024,0.52
ORD-0540,2024-04-13,Customer 016,South,Corporate,Office Supplies,Notebook,3,0.05,31.288658039508903,16.27010218054463,Apr,2024,0.52
ORD-0541,2024-03-16,Customer 096,South,Consumer,Technology,Laptop,6,0.0,5801.728264535261,1856.5530446512832,Mar,2024,0.31999999999999995
ORD-0542,2024-12-05,Customer 078,West,Small Business,Office Supplies,Paper,2,0.05,17.84670828725971,9.280288309375049,Dec,2024,0.52
ORD-0543,2024-03-10,Customer 125,South,Small Business,Furniture,Office Chair,7,0.15,1176.6960800786755,447.14451042989674,Mar,2024,0.38
ORD-0544,2024-06-11,Customer 151,South,Small Business,Office Supplies,Pen Set,6,0.02,112.33425611812928,58.41381318142722,Jun,2024,0.52
ORD-0545,2024-03-30,Customer 046,West,Corporate,Office Supplies,Desk Organizer,5,0.02,112.85524056676752,58.68472509471911,Mar,2024,0.52
ORD-0546,2024-01-01,Customer 155,West,Small Business,Office Supplies,Paper,1,0.02,8.614528696723406,4.479554922296171,Jan,2024,0.52
ORD-0547,2024-11-09,Customer 037,South,Small Business,Furniture,Office Chair,2,0.08,351.8792364790029,133.7141098620211,Nov,2024,0.38
ORD-0548,2024-02-09,Customer 023,South,Corporate,Furniture,Office Chair,6,0.02,1310.523817117857,497.9990505047857,Feb,2024,0.38
ORD-0549,2024-12-28,Customer 054,East,Corporate,Office Supplies,Desk Organizer,1,0.05,21.328096356200106,11.090610105224055,Dec,2024,0.52
ORD-0550,2024-12-20,Customer 001,North,Corporate,Technology,Mouse,5,0.0,152.39363520760716,48.765963266434284,Dec,2024,0.31999999999999995
ORD-0551,2024-07-16,Customer 106,West,Small Business,Technology,Laptop,7,0.02,5950.209811245689,1904.06713959862,Jul,2024,0.31999999999999995
ORD-0552,2024-07-12,Customer 123,East,Small Business,Furniture,Bookshelf,7,0.0,1165.593455340306,442.9255130293163,Jul,2024,0.38
ORD-0553,2024-10-22,Customer 009,South,Consumer,Office Supplies,Stapler,8,0.0,123.48178157629333,64.21052641967253,Oct,2024,0.52
ORD-0554,2024-01-11,Customer 088,East,Corporate,Technology,Printer,2,0.0,371.32317083323954,118.82341466663664,Jan,2024,0.31999999999999995
ORD-0555,2024-07-11,Customer 024,South,Small Business,Technology,Keyboard,2,0.1,110.55295079905756,35.37694425569841,Jul,2024,0.31999999999999995
ORD-0556,2024-10-31,Customer 043,West,Small Business,Furniture,Office Chair,1,0.08,191.06328023310346,72.60404648857931,Oct,2024,0.38
ORD-0557,2024-08-10,Customer 053,South,Consumer,Office Supplies,Notebook,2,0.05,20.88899774634214,10.862278828097914,Aug,2024,0.52
ORD-0558,2024-07-28,Customer 061,East,Small Business,Technology,Mouse,5,0.05,118.073585906412,37.78354749005184,Jul,2024,0.31999999999999995
ORD-0559,2024-01-26,Customer 014,West,Small Business,Technology,Monitor,8,0.02,2039.4418902743796,652.6214048878014,Jan,2024,0.31999999999999995
ORD-0560,2024-01-02,Customer 154,West,Consumer,Furniture,Office Chair,5,0.15,934.8790941374009,355.2540557722123,Jan,2024,0.38
ORD-0561,2024-04-12,Customer 075,North,Consumer,Furniture,Bookshelf,4,0.02,629.2197039834327,239.10348751370444,Apr,2024,0.38
ORD-0562,2024-08-30,Customer 126,North,Corporate,Technology,Monitor,7,0.08,1449.0005001676066,463.68016005363404,Aug,2024,0.31999999999999995
ORD-0563,2024-05-15,Customer 095,North,Small Business,Office Supplies,Pen Set,7,0.02,113.20897044747265,58.86866463268578,May,2024,0.52
ORD-0564,2024-07-08,Customer 113,South,Corporate,Furniture,Desk,1,0.05,268.71382615801974,102.1112539400475,Jul,2024,0.38
ORD-0565,2024-05-14,Customer 025,South,Corporate,Furniture,Bookshelf,1,0.02,143.27482020903383,54.44443167943286,May,2024,0.38
ORD-0566,2024-12-08,Customer 059,East,Small Business,Technology,Monitor,7,0.1,1571.3879964815355,502.8441588740913,Dec,2024,0.31999999999999995
ORD-0567,2024-02-01,Customer 122,West,Small Business,Furniture,Filing Cabinet,7,0.1,1180.1293529357827,448.4491541155974,Feb,2024,0.38
ORD-0568,2024-04-30,Customer 009,West,Corporate,Office Supplies,Notebook,2,0.08,22.038450495136665,11.459994257471067,Apr,2024,0.52
ORD-0569,2024-10-19,Customer 043,South,Consumer,Furniture,Filing Cabinet,8,0.02,1674.4933936558295,636.3074895892153,Oct,2024,0.38
ORD-0570,2024-04-08,Customer 112,South,Consumer,Technology,Mouse,7,0.0,190.90967931487305,61.091097380759365,Apr,2024,0.31999999999999995
ORD-0571,2024-11-17,Customer 018,South,Small Business,Technology,Mouse,5,0.05,135.4973625557288,43.359156017833214,Nov,2024,0.31999999999999995
ORD-0572,2024-07-17,Customer 134,West,Small Business,Technology,Monitor,6,0.05,1493.2900767860685,477.8528245715419,Jul,2024,0.31999999999999995
ORD-0573,2024-01-07,Customer 038,West,Consumer,Furniture,Bookshelf,7,0.02,1015.6914812123184,385.962762860681,Jan,2024,0.38
ORD-0574,2024-10-28,Customer 138,North,Consumer,Office Supplies,Notebook,2,0.05,23.893565726602787,12.42465417783345,Oct,2024,0.52
ORD-0575,2024-07-29,Customer 156,East,Corporate,Furniture,Office Chair,8,0.1,1682.6113604587713,639.3923169743331,Jul,2024,0.38
ORD-0576,2024-01-20,Customer 159,South,Corporate,Furniture,Bookshelf,7,0.02,1169.3253148708027,444.343619650905,Jan,2024,0.38
ORD-0577,2024-12-14,Customer 061,West,Consumer,Office Supplies,Notebook,7,0.05,73.39284522009706,38.16427951445047,Dec,2024,0.52
ORD-0578,2024-08-31,Customer 078,East,Corporate,Technology,Laptop,1,0.05,912.6192669758346,292.038165432267,Aug,2024,0.31999999999999995
ORD-0579,2024-05-23,Customer 035,West,Small Business,Technology,Printer,2,0.02,357.34102961358445,114.349129476347,May,2024,0.31999999999999995
ORD-0580,2024-08-14,Customer 023,East,Corporate,Technology,Printer,7,0.1,1076.989266809375,344.636565379,Aug,2024,0.31999999999999995
ORD-0581,2024-08-14,Customer 096,South,Corporate,Technology,Mouse,8,0.1,202.39967748356102,64.76789679473951,Aug,2024,0.31999999999999995
ORD-0582,2024-01-29,Customer 130,South,Consumer,Office Supplies,Desk Organizer,5,0.15,107.02092236308185,55.650879628802564,Jan,2024,0.52
ORD-0583,2024-03-10,Customer 015,North,Consumer,Furniture,Desk,4,0.02,1270.715837018257,482.87201806693764,Mar,2024,0.38
ORD-0584,2024-01-17,Customer 051,West,Consumer,Technology,Mouse,6,0.15,138.33934708624514,44.268591067598436,Jan,2024,0.31999999999999995
ORD-0585,2024-07-07,Customer 032,West,Small Business,Technology,Printer,7,0.15,1125.6405250427674,360.2049680136855,Jul,2024,0.31999999999999995
ORD-0586,2024-01-16,Customer 115,South,Corporate,Office Supplies,Pen Set,8,0.1,122.45117549228654,63.674611255989,Jan,2024,0.52
ORD-0587,2024-08-30,Customer 024,East,Corporate,Technology,Keyboard,3,0.05,141.15072570387892,45.16823222524125,Aug,2024,0.31999999999999995
ORD-0588,2024-01-15,Customer 055,West,Consumer,Technology,Printer,3,0.1,444.5915971091154,142.2693110749169,Jan,2024,0.31999999999999995
ORD-0589,2024-04-23,Customer 105,South,Small Business,Office Supplies,Desk Organizer,4,0.05,76.45825067695485,39.75829035201652,Apr,2024,0.52
ORD-0590,2024-01-11,Customer 045,North,Corporate,Furniture,Filing Cabinet,3,0.15,446.23115085181075,169.56783732368808,Jan,2024,0.38
ORD-0591,2024-01-05,Customer 071,South,Corporate,Office Supplies,Notebook,5,0.15,46.79165016738238,24.33165808703884,Jan,2024,0.52
ORD-0592,2024-07-11,Customer 120,East,Corporate,Furniture,Desk,5,0.02,1651.1607319598886,627.4410781447576,Jul,2024,0.37999999999999995
ORD-0593,2024-12-12,Customer 131,West,Small Business,Technology,Printer,2,0.0,334.4787442035969,107.03319814515099,Dec,2024,0.31999999999999995
ORD-0594,2024-07-10,Customer 017,East,Corporate,Office Supplies,Pen Set,2,0.08,32.23669511439532,16.763081459485566,Jul,2024,0.52
ORD-0595,2024-05-21,Customer 077,East,Corporate,Furniture,Office Chair,5,0.15,1001.5035870771012,380.5713630892985,May,2024,0.38
ORD-0596,2024-03-17,Customer 082,South,Consumer,Technology,Mouse,7,0.15,167.9277425023045,53.73687760073744,Mar,2024,0.31999999999999995
ORD-0597,2024-03-12,Customer 067,North,Small Business,Office Supplies,Pen Set,8,0.05,145.04091263001266,75.42127456760659,Mar,2024,0.52
ORD-0598,2024-07-26,Customer 147,West,Small Business,Furniture,Desk,1,0.1,266.8395931846388,101.39904541016273,Jul,2024,0.38
ORD-0599,2024-04-07,Customer 137,East,Small Business,Office Supplies,Desk Organizer,4,0.15,69.70746902385991,36.24788389240716,Apr,2024,0.52
ORD-0600,2024-08-31,Customer 143,East,Small Business,Office Supplies,Pen Set,5,0.02,78.58924522776994,40.86640751844037,Aug,2024,0.52
ORD-0601,2024-05-30,Customer 067,North,Corporate,Technology,Keyboard,3,0.15,129.8171485008852,41.541487520283255,May,2024,0.31999999999999995
ORD-0602,2024-10-13,Customer 023,South,Small Business,Office Supplies,Paper,6,0.15,43.84457007162306,22.799176437243993,Oct,2024,0.52
ORD-0603,2024-06-30,Customer 085,South,Small Business,Technology,Mouse,5,0.08,119.49971660120815,38.2399093123866,Jun,2024,0.31999999999999995
ORD-0604,2024-05-13,Customer 014,East,Corporate,Furniture,Office Chair,2,0.08,349.28615794180615,132.72874001788634,May,2024,0.38
ORD-0605,2024-11-20,Customer 031,North,Corporate,Office Supplies,Desk Organizer,4,0.1,72.27567746761525,37.58335228315993,Nov,2024,0.52
ORD-0606,2024-12-14,Customer 014,West,Small Business,Office Supplies,Desk Organizer,5,0.08,101.6463190577262,52.856085910017626,Dec,2024,0.52
ORD-0607,2024-03-18,Customer 146,South,Consumer,Office Supplies,Desk Organizer,6,0.08,113.63263502606387,59.08897021355321,Mar,2024,0.52
ORD-0608,2024-03-14,Customer 125,East,Small Business,Furniture,Bookshelf,3,0.0,440.25878811734117,167.29833948458963,Mar,2024,0.37999999999999995
ORD-0609,2024-11-19,Customer 116,South,Corporate,Furniture,Office Chair,1,0.0,213.3437592574704,81.07062851783876,Nov,2024,0.38
ORD-0610,2024-04-17,Customer 023,South,Small Business,Technology,Printer,3,0.08,529.7908007330285,169.5330562345691,Apr,2024,0.31999999999999995
ORD-0611,2024-11-10,Customer 110,West,Small Business,Technology,Keyboard,7,0.08,315.4555771815636,100.94578469810034,Nov,2024,0.31999999999999995
ORD-0612,2024-07-15,Customer 096,North,Consumer,Furniture,Bookshelf,4,0.15,558.8788119297752,212.37394853331458,Jul,2024,0.38
ORD-0613,2024-06-13,Customer 064,South,Consumer,Technology,Laptop,1,0.15,758.2876684799389,242.65205391358043,Jun,2024,0.31999999999999995
ORD-0614,2024-12-21,Customer 099,East,Corporate,Technology,Mouse,3,0.0,75.7742948446004,24.247774350272127,Dec,2024,0.31999999999999995
ORD-0615,2024-10-28,Customer 077,East,Consumer,Furniture,Filing Cabinet,2,0.0,424.02916683335525,161.131083396675,Oct,2024,0.38
ORD-0616,2024-08-21,Customer 126,East,Corporate,Technology,Printer,3,0.05,578.9900361976614,185.27681158325163,Aug,2024,0.31999999999999995
ORD-0617,2024-04-06,Customer 058,South,Corporate,Furniture,Office Chair,1,0.02,184.49785791729536,70.10918600857224,Apr,2024,0.38
ORD-0618,2024-03-08,Customer 130,South,Small Business,Office Supplies,Paper,1,0.1,7.733531416497935,4.021436336578926,Mar,2024,0.52
ORD-0619,2024-03-04,Customer 066,East,Small Business,Technology,Keyboard,1,0.08,55.542321884532804,17.773543003050495,Mar,2024,0.31999999999999995
ORD-0620,2024-09-30,Customer 028,North,Small Business,Office Supplies,Stapler,1,0.15,13.795883984145744,7.173859671755787,Sep,2024,0.52
ORD-0621,2024-01-11,Customer 114,North,Small Business,Office Supplies,Pen Set,2,0.08,30.795660763492467,16.013743597016084,Jan,2024,0.52
ORD-0622,2024-03-04,Customer 003,East,Corporate,Furniture,Desk,3,0.02,881.0820777166978,334.81118953234517,Mar,2024,0.38
ORD-0623,2024-08-03,Customer 156,North,Small Business,Technology,Printer,5,0.1,793.8222488804753,254.02311964175206,Aug,2024,0.31999999999999995
ORD-0624,2024-03-11,Customer 030,West,Consumer,Office Supplies,Paper,2,0.05,17.285042622626946,8.988222163766013,Mar,2024,0.52
ORD-0625,2024-02-24,Customer 134,West,Consumer,Office Supplies,Stapler,4,0.05,59.67494093385125,31.03096928560265,Feb,2024,0.52
ORD-0626,2024-07-02,Customer 141,West,Corporate,Technology,Mouse,3,0.0,82.28696134544244,26.331827630541575,Jul,2024,0.31999999999999995
ORD-0627,2024-04-16,Customer 004,West,Corporate,Furniture,Bookshelf,4,0.0,602.9306240135699,229.11363712515654,Apr,2024,0.38
ORD-0628,2024-02-15,Customer 024,North,Small Business,Office Supplies,Pen Set,8,0.02,152.66603667314766,79.38633907003678,Feb,2024,0.52
ORD-0629,2024-09-18,Customer 060,North,Small Business,Office Supplies,Stapler,2,0.05,25.362277246243153,13.18838416804644,Sep,2024,0.52
ORD-0630,2024-05-31,Customer 045,East,Corporate,Furniture,Bookshelf,1,0.0,142.22369624593284,54.04500457345448,May,2024,0.38
ORD-0631,2024-01-21,Customer 030,East,Corporate,Office Supplies,Desk Organizer,6,0.08,130.25707690165143,67.73367998885874,Jan,2024,0.52
ORD-0632,2024-01-24,Customer 092,North,Consumer,Technology,Monitor,3,0.05,767.2467987840719,245.51897561090297,Jan,2024,0.31999999999999995
ORD-0633,2024-11-14,Customer 088,East,Small Business,Furniture,Bookshelf,2,0.05,290.17357917080045,110.26596008490418,Nov,2024,0.38
ORD-0634,2024-02-28,Customer 099,West,Corporate,Technology,Keyboard,8,0.05,427.89432794704345,136.9261849430539,Feb,2024,0.32
ORD-0635,2024-09-01,Customer 034,West,Small Business,Office Supplies,Paper,3,0.0,24.541283962666967,12.761467660586822,Sep,2024,0.52
ORD-0636,2024-01-31,Customer 124,South,Consumer,Office Supplies,Paper,7,0.1,56.74543592370026,29.507626680324137,Jan,2024,0.52
ORD-0637,2024-10-18,Customer 157,West,Consumer,Office Supplies,Stapler,7,0.05,102.12471452879991,53.10485155497596,Oct,2024,0.52
ORD-0638,2024-12-16,Customer 106,South,Corporate,Technology,Laptop,8,0.0,6429.175844673364,2057.336270295476,Dec,2024,0.31999999999999995
ORD-0639,2024-01-24,Customer 135,North,Corporate,Furniture,Bookshelf,6,0.0,857.4261051206995,325.82191994586583,Jan,2024,0.38
ORD-0640,2024-10-22,Customer 134,South,Small Business,Office Supplies,Stapler,6,0.1,79.5312046470981,41.35622641649101,Oct,2024,0.52
ORD-0641,2024-12-24,Customer 089,North,Corporate,Office Supplies,Paper,4,0.08,29.325084679007542,15.249044033083923,Dec,2024,0.52
ORD-0642,2024-12-12,Customer 041,West,Consumer,Office Supplies,Pen Set,1,0.0,17.405304744734245,9.050758467261808,Dec,2024,0.52
ORD-0643,2024-08-28,Customer 083,West,Consumer,Furniture,Filing Cabinet,2,0.08,327.60700027641786,124.49066010503878,Aug,2024,0.38
ORD-0644,2024-06-18,Customer 097,East,Consumer,Technology,Mouse,4,0.1,97.61716793687411,31.23749373979971,Jun,2024,0.31999999999999995
ORD-0645,2024-04-30,Customer 115,North,Corporate,Furniture,Desk,8,0.1,2102.02162696212,798.7682182456057,Apr,2024,0.38
ORD-0646,2024-09-12,Customer 005,West,Corporate,Technology,Monitor,2,0.08,494.7873487371791,158.3319515958973,Sep,2024,0.31999999999999995
ORD-0647,2024-07-25,Customer 155,West,Consumer,Technology,Monitor,1,0.0,249.66479099030232,79.89273311689674,Jul,2024,0.31999999999999995
ORD-0648,2024-11-22,Customer 117,East,Small Business,Office Supplies,Notebook,4,0.15,43.38499114769569,22.56019539680176,Nov,2024,0.52
ORD-0649,2024-07-05,Customer 144,North,Consumer,Furniture,Office Chair,8,0.05,1744.549670140674,662.9288746534561,Jul,2024,0.38
ORD-0650,2024-11-13,Customer 116,West,Small Business,Office Supplies,Stapler,6,0.15,77.61532361887967,40.35996828181743,Nov,2024,0.52
ORD-0651,2024-02-19,Customer 075,South,Consumer,Technology,Monitor,6,0.05,1235.9448776079707,395.5023608345506,Feb,2024,0.31999999999999995
ORD-0652,2024-09-24,Customer 043,East,Small Business,Furniture,Filing Cabinet,2,0.0,389.5071311905829,148.01270985242152,Sep,2024,0.38
ORD-0653,2024-03-12,Customer 051,West,Consumer,Furniture,Bookshelf,5,0.1,700.9517937593052,266.361681628536,Mar,2024,0.38000000000000006
ORD-0654,2024-03-02,Customer 087,West,Consumer,Technology,Mouse,8,0.02,237.3600958106949,75.95523065942236,Mar,2024,0.31999999999999995
ORD-0655,2024-07-31,Customer 118,North,Small Business,Technology,Monitor,2,0.08,440.0756310160571,140.82420192513825,Jul,2024,0.31999999999999995
ORD-0656,2024-10-28,Customer 013,South,Corporate,Office Supplies,Pen Set,1,0.1,14.814036244427797,7.703298847102455,Oct,2024,0.52
ORD-0657,2024-08-09,Customer 149,West,Small Business,Furniture,Filing Cabinet,3,0.15,463.4821451170601,176.12321514448283,Aug,2024,0.38
ORD-0658,2024-03-06,Customer 099,North,Corporate,Technology,Keyboard,6,0.1,290.47556934820653,92.95218219142608,Mar,2024,0.31999999999999995
ORD-0659,2024-11-07,Customer 076,South,Corporate,Furniture,Desk,7,0.05,2243.758210179484,852.628119868204,Nov,2024,0.38
ORD-0660,2024-03-09,Customer 141,South,Corporate,Furniture,Bookshelf,5,0.15,659.2452156911363,250.5131819626318,Mar,2024,0.38
ORD-0661,2024-06-09,Customer 075,South,Consumer,Office Supplies,Desk Organizer,4,0.1,77.31077238659955,40.20160164103177,Jun,2024,0.52
ORD-0662,2024-06-25,Customer 139,South,Small Business,Office Supplies,Pen Set,3,0.1,55.713053094661475,28.97078760922397,Jun,2024,0.52
ORD-0663,2024-11-22,Customer 144,East,Small Business,Office Supplies,Paper,2,0.05,17.844862340970746,9.279328417304788,Nov,2024,0.52
ORD-0664,2024-10-25,Customer 004,West,Small Business,Furniture,Bookshelf,5,0.08,651.3953513004159,247.53023349415804,Oct,2024,0.38
ORD-0665,2024-02-24,Customer 015,North,Corporate,Furniture,Filing Cabinet,3,0.0,517.2643225362801,196.56044256378647,Feb,2024,0.38
ORD-0666,2024-05-16,Customer 016,South,Corporate,Technology,Mouse,5,0.02,126.3985139519444,40.4475244646222,May,2024,0.31999999999999995
ORD-0667,2024-05-31,Customer 116,South,Small Business,Office Supplies,Paper,1,0.05,8.091793415975637,4.207732576307332,May,2024,0.52
ORD-0668,2024-11-11,Customer 131,South,Small Business,Technology,Monitor,7,0.02,1520.259369492324,486.4829982375436,Nov,2024,0.31999999999999995
ORD-0669,2024-12-22,Customer 100,East,Small Business,Office Supplies,Stapler,1,0.08,12.839148731615166,6.676357340439886,Dec,2024,0.52
ORD-0670,2024-12-16,Customer 065,East,Small Business,Furniture,Desk,1,0.0,306.2322225751484,116.36824457855639,Dec,2024,0.38
ORD-0671,2024-11-13,Customer 140,West,Consumer,Technology,Mouse,6,0.1,140.13380365431306,44.84281716938017,Nov,2024,0.31999999999999995
ORD-0672,2024-11-04,Customer 115,South,Small Business,Office Supplies,Paper,4,0.05,38.376731931000414,19.955900604120217,Nov,2024,0.52
ORD-0673,2024-12-15,Customer 132,North,Consumer,Technology,Keyboard,3,0.15,126.45825136384222,40.46664043642951,Dec,2024,0.31999999999999995
ORD-0674,2024-07-12,Customer 068,North,Corporate,Technology,Monitor,5,0.1,1103.3475211986863,353.07120678357956,Jul,2024,0.31999999999999995
ORD-0675,2024-03-23,Customer 040,East,Consumer,Technology,Keyboard,6,0.08,300.8090487019965,96.25889558463886,Mar,2024,0.31999999999999995
ORD-0676,2024-03-19,Customer 158,East,Small Business,Technology,Laptop,1,0.15,827.4375086934464,264.7800027819028,Mar,2024,0.31999999999999995
ORD-0677,2024-12-04,Customer 082,East,Corporate,Office Supplies,Desk Organizer,6,0.0,120.15306647326938,62.479594566100076,Dec,2024,0.52
ORD-0678,2024-04-22,Customer 041,South,Small Business,Furniture,Filing Cabinet,2,0.1,337.69798601588377,128.32523468603583,Apr,2024,0.38
ORD-0679,2024-10-05,Customer 055,West,Consumer,Furniture,Desk,6,0.02,2148.3300031577523,816.365401199946,Oct,2024,0.38
ORD-0680,2024-06-18,Customer 159,East,Corporate,Office Supplies,Pen Set,5,0.02,98.22718669603921,51.07813708194039,Jun,2024,0.52
ORD-0681,2024-08-31,Customer 062,North,Consumer,Furniture,Filing Cabinet,6,0.08,1154.3192007631333,438.64129628999063,Aug,2024,0.38
ORD-0682,2024-11-10,Customer 030,South,Consumer,Office Supplies,Pen Set,6,0.08,94.35561072170002,49.064917575284014,Nov,2024,0.52
ORD-0683,2024-05-11,Customer 131,East,Consumer,Furniture,Desk,6,0.1,1600.3693127727092,608.1403388536295,May,2024,0.38
ORD-0684,2024-09-06,Customer 132,North,Corporate,Furniture,Bookshelf,4,0.05,604.5041915463698,229.71159278762053,Sep,2024,0.38
ORD-0685,2024-02-19,Customer 017,South,Small Business,Technology,Monitor,1,0.15,230.71002948114742,73.82720943396716,Feb,2024,0.31999999999999995
ORD-0686,2024-12-09,Customer 053,South,Small Business,Technology,Mouse,7,0.0,201.94389229829716,64.62204553545509,Dec,2024,0.32
ORD-0687,2024-12-25,Customer 040,West,Small Business,Furniture,Filing Cabinet,2,0.15,334.09034264866995,126.95433020649457,Dec,2024,0.38
ORD-0688,2024-08-23,Customer 014,East,Consumer,Technology,Laptop,2,0.0,1624.5104039900705,519.8433292768225,Aug,2024,0.31999999999999995
ORD-0689,2024-05-08,Customer 105,North,Small Business,Technology,Keyboard,4,0.05,227.34248622002096,72.7495955904067,May,2024,0.31999999999999995
ORD-0690,2024-08-18,Customer 100,West,Corporate,Furniture,Desk,6,0.0,1786.56347925222,678.8941221158436,Aug,2024,0.38
ORD-0691,2024-03-01,Customer 150,North,Small Business,Office Supplies,Pen Set,2,0.15,29.60223785117186,15.393163682609368,Mar,2024,0.52
ORD-0692,2024-12-24,Customer 078,North,Corporate,Technology,Laptop,2,0.05,1606.7115590586884,514.1476988987802,Dec,2024,0.3199999999999999
ORD-0693,2024-02-14,Customer 008,East,Corporate,Office Supplies,Notebook,7,0.08,78.59799511747838,40.87095746108876,Feb,2024,0.52
ORD-0694,2024-03-21,Customer 076,South,Consumer,Furniture,Bookshelf,7,0.1,893.4508432257078,339.511320425769,Mar,2024,0.38
ORD-0695,2024-03-14,Customer 142,East,Small Business,Office Supplies,Pen Set,6,0.0,98.38864180939518,51.162093740885496,Mar,2024,0.52
ORD-0696,2024-10-11,Customer 147,South,Consumer,Office Supplies,Desk Organizer,1,0.0,22.987083052103294,11.953283187093714,Oct,2024,0.52
ORD-0697,2024-07-20,Customer 089,North,Corporate,Office Supplies,Notebook,4,0.15,39.08355417449466,20.323448170737223,Jul,2024,0.52
ORD-0698,2024-07-30,Customer 158,South,Consumer,Technology,Mouse,3,0.02,85.36043320462754,27.31533862548081,Jul,2024,0.31999999999999995
ORD-0699,2024-05-09,Customer 146,South,Consumer,Office Supplies,Desk Organizer,3,0.15,51.70613204825834,26.88718866509434,May,2024,0.52
ORD-0700,2024-01-28,Customer 018,West,Small Business,Office Supplies,Desk Organizer,2,0.05,42.21414718953346,21.951356538557402,Jan,2024,0.52
ORD-0701,2024-02-20,Customer 092,South,Small Business,Technology,Printer,8,0.05,1400.5572328072535,448.1783144983211,Feb,2024,0.31999999999999995
ORD-0702,2024-12-09,Customer 018,South,Consumer,Technology,Keyboard,5,0.1,221.26310784815868,70.80419451141077,Dec,2024,0.31999999999999995
ORD-0703,2024-06-11,Customer 079,West,Corporate,Technology,Mouse,6,0.1,146.79753305298863,46.97521057695635,Jun,2024,0.31999999999999995
ORD-0704,2024-10-26,Customer 110,South,Small Business,Office Supplies,Paper,6,0.05,47.005777690281725,24.4430043989465,Oct,2024,0.52
ORD-0705,2024-01-03,Customer 112,East,Consumer,Technology,Keyboard,4,0.15,167.75980225917002,53.6831367229344,Jan,2024,0.31999999999999995
ORD-0706,2024-07-03,Customer 119,South,Small Business,Technology,Printer,6,0.08,1139.9466114637153,364.78291566838885,Jul,2024,0.31999999999999995
ORD-0707,2024-07-02,Customer 156,East,Corporate,Furniture,Bookshelf,2,0.02,284.3084482140935,108.03721032135553,Jul,2024,0.38
ORD-0708,2024-05-23,Customer 020,South,Small Business,Technology,Monitor,4,0.05,1001.9834835472453,320.63471473511845,May,2024,0.31999999999999995
ORD-0709,2024-02-08,Customer 149,North,Small Business,Office Supplies,Paper,1,0.1,7.684899111968352,3.996147538223543,Feb,2024,0.52
ORD-0710,2024-10-29,Customer 139,South,Consumer,Furniture,Desk,5,0.1,1532.1682584006635,582.2239381922521,Oct,2024,0.38
ORD-0711,2024-11-30,Customer 151,South,Corporate,Furniture,Bookshelf,7,0.02,1116.7341063131514,424.35896039899757,Nov,2024,0.38
ORD-0712,2024-05-28,Customer 094,South,Corporate,Office Supplies,Paper,2,0.08,17.236019937005793,8.962730367243012,May,2024,0.52
ORD-0713,2024-01-06,Customer 036,South,Small Business,Furniture,Filing Cabinet,3,0.1,516.7580178760825,196.36804679291134,Jan,2024,0.38
ORD-0714,2024-03-22,Customer 124,South,Small Business,Furniture,Bookshelf,3,0.15,379.1328704085592,144.0704907552525,Mar,2024,0.38
ORD-0715,2024-01-21,Customer 068,South,Corporate,Furniture,Office Chair,4,0.0,818.3233228519513,310.9628626837415,Jan,2024,0.38
ORD-0716,2024-04-29,Customer 093,North,Small Business,Furniture,Office Chair,4,0.1,855.0154889238662,324.9058857910692,Apr,2024,0.38
ORD-0717,2024-08-28,Customer 083,West,Consumer,Furniture,Desk,1,0.15,300.3606893079308,114.1370619370137,Aug,2024,0.38
ORD-0718,2024-12-26,Customer 140,East,Small Business,Technology,Monitor,5,0.1,1231.801847150355,394.1765910881135,Dec,2024,0.31999999999999995
ORD-0719,2024-03-30,Customer 151,West,Small Business,Office Supplies,Notebook,7,0.05,72.90210797721954,37.90909614815416,Mar,2024,0.52
ORD-0720,2024-02-09,Customer 104,East,Corporate,Office Supplies,Pen Set,4,0.1,69.81125734616296,36.30185382000474,Feb,2024,0.52
ORD-0721,2024-06-25,Customer 036,West,Corporate,Furniture,Office Chair,1,0.1,214.20351351157757,81.39733513439948,Jun,2024,0.38000000000000006
ORD-0722,2024-03-25,Customer 039,South,Consumer,Furniture,Bookshelf,5,0.02,682.7657019805753,259.4509667526186,Mar,2024,0.38000000000000006
ORD-0723,2024-03-21,Customer 059,East,Small Business,Technology,Keyboard,2,0.15,83.9586982696743,26.866783446295774,Mar,2024,0.31999999999999995
ORD-0724,2024-06-18,Customer 054,North,Corporate,Furniture,Desk,8,0.08,2543.8575853661455,966.6658824391353,Jun,2024,0.38
ORD-0725,2024-03-23,Customer 033,West,Consumer,Office Supplies,Notebook,4,0.0,49.68517154681166,25.836289204342062,Mar,2024,0.52
ORD-0726,2024-10-30,Customer 038,South,Consumer,Office Supplies,Notebook,1,0.1,11.958772713027122,6.218561810774103,Oct,2024,0.52
ORD-0727,2024-03-26,Customer 145,East,Consumer,Technology,Laptop,7,0.1,4914.489890745121,1572.6367650384384,Mar,2024,0.31999999999999995
ORD-0728,2024-01-10,Customer 156,East,Consumer,Office Supplies,Pen Set,4,0.08,72.51439681915176,37.70748634595891,Jan,2024,0.52
ORD-0729,2024-09-03,Customer 037,South,Consumer,Furniture,Bookshelf,7,0.1,883.045210710182,335.55718006986916,Sep,2024,0.38
ORD-0730,2024-10-25,Customer 088,South,Small Business,Office Supplies,Stapler,5,0.02,67.92775218616991,35.322431136808355,Oct,2024,0.52
ORD-0731,2024-11-01,Customer 034,North,Consumer,Furniture,Bookshelf,7,0.08,892.9238054163615,339.31104605821736,Nov,2024,0.38
ORD-0732,2024-01-09,Customer 156,South,Small Business,Technology,Monitor,7,0.02,1810.9332712350154,579.4986467952049,Jan,2024,0.32
ORD-0733,2024-03-31,Customer 129,West,Small Business,Technology,Monitor,1,0.1,228.87430191100236,73.23977661152074,Mar,2024,0.31999999999999995
ORD-0734,2024-03-01,Customer 139,North,Corporate,Office Supplies,Stapler,3,0.1,41.35972041985031,21.50705461832216,Mar,2024,0.52
ORD-0735,2024-01-01,Customer 012,West,Small Business,Office Supplies,Desk Organizer,7,0.05,142.91816295336244,74.31744473574847,Jan,2024,0.52
ORD-0736,2024-09-28,Customer 090,West,Consumer,Office Supplies,Paper,8,0.08,73.97975623233427,38.46947324081382,Sep,2024,0.52
ORD-0737,2024-12-22,Customer 123,North,Corporate,Office Supplies,Notebook,3,0.05,33.71983812194061,17.53431582340912,Dec,2024,0.52
ORD-0738,2024-04-29,Customer 049,North,Corporate,Office Supplies,Stapler,7,0.05,109.77306440356826,57.08199348985549,Apr,2024,0.52
ORD-0739,2024-12-29,Customer 002,North,Small Business,Technology,Laptop,2,0.1,1527.8066307303573,488.89812183371424,Dec,2024,0.31999999999999995
ORD-0740,2024-12-01,Customer 093,South,Small Business,Furniture,Desk,6,0.08,1734.2073528367625,658.9987940779698,Dec,2024,0.38
ORD-0741,2024-03-20,Customer 138,West,Small Business,Technology,Monitor,5,0.05,1145.6128380291045,366.59610816931337,Mar,2024,0.31999999999999995
ORD-0742,2024-10-16,Customer 102,East,Small Business,Furniture,Desk,5,0.15,1307.465955393073,496.83706304936777,Oct,2024,0.38
ORD-0743,2024-04-14,Customer 095,West,Small Business,Office Supplies,Stapler,8,0.02,127.22609303935631,66.15756838046529,Apr,2024,0.52
ORD-0744,2024-10-11,Customer 089,West,Corporate,Furniture,Filing Cabinet,5,0.1,868.4530020528489,330.0121407800826,Oct,2024,0.38
ORD-0745,2024-12-27,Customer 031,West,Small Business,Office Supplies,Stapler,3,0.15,36.05817660912876,18.750251836746955,Dec,2024,0.52
ORD-0746,2024-04-27,Customer 055,West,Small Business,Office Supplies,Paper,3,0.0,30.317898639171602,15.765307292369235,Apr,2024,0.52
ORD-0747,2024-07-24,Customer 100,East,Small Business,Furniture,Filing Cabinet,1,0.02,183.1557472633168,69.59918396006039,Jul,2024,0.38
ORD-0748,2024-01-03,Customer 112,North,Consumer,Office Supplies,Pen Set,8,0.1,133.06800171610067,69.19536089237235,Jan,2024,0.52
ORD-0749,2024-02-02,Customer 156,East,Consumer,Technology,Monitor,6,0.0,1619.6363567430158,518.2836341577649,Feb,2024,0.31999999999999995
ORD-0750,2024-07-15,Customer 153,West,Small Business,Technology,Laptop,5,0.15,3787.8661352646104,1212.1171632846751,Jul,2024,0.31999999999999995
ORD-0751,2024-03-30,Customer 133,West,Corporate,Technology,Laptop,1,0.02,759.3315383357182,242.98609226742977,Mar,2024,0.31999999999999995
ORD-0752,2024-04-09,Customer 044,North,Small Business,Technology,Printer,4,0.1,734.6730283474135,235.09536907117229,Apr,2024,0.31999999999999995
ORD-0753,2024-01-19,Customer 023,East,Consumer,Office Supplies,Pen Set,1,0.02,18.512847915168546,9.626680915887645,Jan,2024,0.52
ORD-0754,2024-07-23,Customer 151,East,Small Business,Technology,Printer,7,0.08,1124.9160988978333,359.9731516473066,Jul,2024,0.31999999999999995
ORD-0755,2024-09-22,Customer 141,North,Small Business,Technology,Mouse,2,0.0,51.385793738670415,16.44345399637453,Sep,2024,0.31999999999999995
ORD-0756,2024-10-13,Customer 156,East,Corporate,Technology,Printer,5,0.02,965.2491585728283,308.879730743305,Oct,2024,0.31999999999999995
ORD-0757,2024-08-20,Customer 045,West,Small Business,Technology,Mouse,1,0.05,27.861362533078584,8.915636010585146,Aug,2024,0.32
ORD-0758,2024-09-16,Customer 076,North,Small Business,Furniture,Desk,2,0.1,589.8438690241576,224.14067022917988,Sep,2024,0.38
ORD-0759,2024-02-29,Customer 114,East,Small Business,Furniture,Office Chair,5,0.15,1000.8057652007044,380.30619077626767,Feb,2024,0.38
ORD-0760,2024-10-15,Customer 118,West,Consumer,Furniture,Desk,6,0.08,1930.536090754893,733.6037144868593,Oct,2024,0.38
ORD-0761,2024-01-15,Customer 098,West,Consumer,Office Supplies,Notebook,5,0.0,55.25713305167058,28.7337091868687,Jan,2024,0.52
ORD-0762,2024-04-22,Customer 133,South,Corporate,Office Supplies,Pen Set,7,0.05,115.41054550908432,60.01348366472384,Apr,2024,0.52
ORD-0763,2024-01-05,Customer 103,East,Consumer,Furniture,Filing Cabinet,5,0.0,899.7374643624105,341.900236457716,Jan,2024,0.38
ORD-0764,2024-06-24,Customer 081,North,Small Business,Office Supplies,Pen Set,3,0.08,53.697397990052856,27.922646954827485,Jun,2024,0.52
ORD-0765,2024-04-21,Customer 052,East,Consumer,Furniture,Office Chair,4,0.08,687.0607437022288,261.083082606847,Apr,2024,0.38
ORD-0766,2024-05-03,Customer 064,East,Consumer,Technology,Mouse,4,0.02,113.47759478909843,36.312830332511496,May,2024,0.31999999999999995
ORD-0767,2024-11-12,Customer 021,East,Consumer,Office Supplies,Desk Organizer,2,0.0,47.778009186599405,24.844564777031692,Nov,2024,0.52
ORD-0768,2024-12-05,Customer 011,West,Small Business,Office Supplies,Pen Set,1,0.1,18.090972895195893,9.407305905501865,Dec,2024,0.52
ORD-0769,2024-09-03,Customer 148,East,Small Business,Office Supplies,Desk Organizer,6,0.08,118.08365004229616,61.403498021994004,Sep,2024,0.52
ORD-0770,2024-05-20,Customer 057,West,Consumer,Office Supplies,Desk Organizer,5,0.08,111.49603459285807,57.97793798828619,May,2024,0.52
ORD-0771,2024-10-22,Customer 139,South,Consumer,Office Supplies,Stapler,7,0.08,87.89349696326572,45.70461842089818,Oct,2024,0.52
ORD-0772,2024-09-14,Customer 031,East,Corporate,Technology,Laptop,3,0.08,2600.639810630478,832.2047394017529,Sep,2024,0.31999999999999995
ORD-0773,2024-09-22,Customer 054,West,Corporate,Office Supplies,Paper,1,0.0,8.229797449466718,4.279494673722693,Sep,2024,0.52
ORD-0774,2024-10-24,Customer 067,North,Corporate,Furniture,Desk,6,0.1,1705.998358283845,648.2793761478611,Oct,2024,0.38
ORD-0775,2024-10-07,Customer 157,East,Consumer,Technology,Keyboard,5,0.08,277.10324643640126,88.67303885964839,Oct,2024,0.31999999999999995
ORD-0776,2024-07-06,Customer 108,South,Corporate,Furniture,Office Chair,7,0.02,1326.0401823764337,503.8952693030448,Jul,2024,0.38
ORD-0777,2024-07-09,Customer 047,East,Corporate,Office Supplies,Paper,5,0.08,38.99457209591047,20.277177489873445,Jul,2024,0.52
ORD-0778,2024-03-08,Customer 143,South,Consumer,Office Supplies,Notebook,5,0.02,63.210481775808304,32.86945052342032,Mar,2024,0.52
ORD-0779,2024-07-14,Customer 003,South,Consumer,Furniture,Desk,3,0.08,948.918792650923,360.58914120735074,Jul,2024,0.38
ORD-0780,2024-08-03,Customer 077,West,Consumer,Technology,Keyboard,6,0.08,319.7241537628736,102.31172920411953,Aug,2024,0.31999999999999995
ORD-0781,2024-10-14,Customer 042,North,Corporate,Technology,Printer,2,0.15,326.61402048187176,104.51648655419895,Oct,2024,0.31999999999999995
ORD-0782,2024-04-20,Customer 086,East,Corporate,Technology,Laptop,2,0.08,1605.501677936823,513.7605369397833,Apr,2024,0.31999999999999995
ORD-0783,2024-07-03,Customer 006,East,Small Business,Technology,Printer,5,0.05,810.52781274867,259.36890007957436,Jul,2024,0.31999999999999995
ORD-0784,2024-03-03,Customer 148,East,Small Business,Furniture,Desk,4,0.1,1121.285281819459,426.0884070913944,Mar,2024,0.38
ORD-0785,2024-11-28,Customer 131,South,Corporate,Office Supplies,Pen Set,6,0.05,95.31861995083308,49.5656823744332,Nov,2024,0.52
ORD-0786,2024-08-16,Customer 038,North,Corporate,Furniture,Bookshelf,5,0.08,776.4443395764549,295.04884903905287,Aug,2024,0.38
ORD-0787,2024-03-26,Customer 021,East,Corporate,Office Supplies,Desk Organizer,7,0.0,159.7774308263753,83.08426402971516,Mar,2024,0.52
ORD-0788,2024-06-24,Customer 075,South,Corporate,Technology,Keyboard,6,0.15,277.19848204859426,88.70351425555015,Jun,2024,0.31999999999999995
ORD-0789,2024-05-16,Customer 151,West,Corporate,Office Supplies,Paper,8,0.05,68.72432318169983,35.736648054483915,May,2024,0.52
ORD-0790,2024-08-18,Customer 033,West,Consumer,Furniture,Filing Cabinet,3,0.0,647.3869059662584,246.0070242671782,Aug,2024,0.38
ORD-0791,2024-04-30,Customer 043,East,Small Business,Office Supplies,Paper,2,0.02,16.253582062761264,8.451862672635858,Apr,2024,0.52
ORD-0792,2024-02-22,Customer 014,North,Consumer,Furniture,Desk,8,0.1,2392.201853901009,909.0367044823835,Feb,2024,0.38
ORD-0793,2024-07-22,Customer 040,North,Consumer,Technology,Laptop,5,0.1,3888.456533117932,1244.306090597738,Jul,2024,0.3199999999999999
ORD-0794,2024-12-01,Customer 073,West,Corporate,Technology,Monitor,4,0.02,983.2231590681674,314.6314109018135,Dec,2024,0.31999999999999995
ORD-0795,2024-11-16,Customer 009,South,Consumer,Furniture,Bookshelf,3,0.0,398.2003873342321,151.3161471870082,Nov,2024,0.38
ORD-0796,2024-07-01,Customer 070,East,Corporate,Office Supplies,Pen Set,8,0.1,144.56535982177374,75.17398710732235,Jul,2024,0.52
ORD-0797,2024-08-15,Customer 153,South,Small Business,Furniture,Filing Cabinet,3,0.1,580.547703306805,220.6081272565859,Aug,2024,0.38
ORD-0798,2024-11-19,Customer 124,West,Small Business,Furniture,Bookshelf,5,0.05,735.717496192974,279.5726485533301,Nov,2024,0.38
ORD-0799,2024-04-26,Customer 106,North,Corporate,Furniture,Filing Cabinet,5,0.05,963.9563895082017,366.3034280131167,Apr,2024,0.38
ORD-0800,2024-03-20,Customer 035,East,Consumer,Technology,Printer,1,0.1,182.9101229326949,58.531239338462356,Mar,2024,0.31999999999999995
